company_name,reccy_id,round_type,date,amount_usd,lead_investors
Optohive,jd75xhe99hda3mk8ya4md6177584h7z2,Grant,2026-03-23,,HSG START Accelerator
"nubrain- Thoughts to text, image and speech decoding",jd746da5t3f1by9dfha0x99x4d84g0p1,Pre-Seed,2026-02-01,565000,
Nocira,jd718rvhzb3bs8cpr3vn2369tn84hhpb,Series B,2017-06-12,9500000,AZ Crown Investments
Nexalin Technology,jd7cgfwhwk826v4h2k89sa662184hrss,Post-IPO Equity,,,
Nexalin Technology,jd7cgfwhwk826v4h2k89sa662184hrss,Post-IPO Equity,,,
Nexalin Technology,jd7cgfwhwk826v4h2k89sa662184hrss,Venture Round,,,
Newrotex,jd7d8fzfqatqjj4jy5p0zw7h5s84he2p,Grant,2023-09-28,25000,MedTech Innovator
Newrotex,jd7d8fzfqatqjj4jy5p0zw7h5s84he2p,Grant,2023-06-19,,EIC Accelerator
Newrotex,jd7d8fzfqatqjj4jy5p0zw7h5s84he2p,Non Equity Assistance,2023-06-06,,MedTech Innovator
Newrotex,jd7d8fzfqatqjj4jy5p0zw7h5s84he2p,Grant,2022-08-24,237114,
Newrotex,jd7d8fzfqatqjj4jy5p0zw7h5s84he2p,Seed,2021-12-02,758083,
Newrotex,jd7d8fzfqatqjj4jy5p0zw7h5s84he2p,Grant,2020-07-28,155090,Innovate UK
Newrotex,jd7d8fzfqatqjj4jy5p0zw7h5s84he2p,Grant,,,Innovate UK
Newrotex,jd7d8fzfqatqjj4jy5p0zw7h5s84he2p,Angel,,,Lucy Woods
Neurovirt,jd7a8y2wh5wdsde193892b1r8s84h5w4,Seed,2023-04-13,1250000,Long Island Angel Network; New York Angels
Neurovirt,jd7a8y2wh5wdsde193892b1r8s84h5w4,Seed,2021-10-14,1000000,Good Shepherd Rehabilitation Network; Long Island Angel Network
Neuroview Technology,jd770m4npb5a0vywyygfsqcpvd84g5qg,Venture Round,2023-12-19,250002,
Neuroview Technology,jd770m4npb5a0vywyygfsqcpvd84g5qg,Seed,2018-06-29,304489,
Neuroverse,jd7bcz1t38d4jnceq22bb321bd84gqn4,Grant,2025-09-04,,NATO DIANA
Neurotrack Cognitive Function Test,jd738f93b2yh0ygd36apzxaem184hedw,Venture Round,,,
Neurotrack Cognitive Function Test,jd738f93b2yh0ygd36apzxaem184hedw,Series C,,,Khosla Ventures
Neurotrack Cognitive Function Test,jd738f93b2yh0ygd36apzxaem184hedw,Grant,,,National Institute on Aging
Neurotrack Cognitive Function Test,jd738f93b2yh0ygd36apzxaem184hedw,Series B,,,Sozo Ventures
Neurotrack Cognitive Function Test,jd738f93b2yh0ygd36apzxaem184hedw,Series A,,,
Neurotrack Cognitive Function Test,jd738f93b2yh0ygd36apzxaem184hedw,Grant,,,
Neurotrack Cognitive Function Test,jd738f93b2yh0ygd36apzxaem184hedw,Series A,,,Khosla Ventures
Neurotrack Cognitive Function Test,jd738f93b2yh0ygd36apzxaem184hedw,Seed,,,Founders Fund
Neurotrack Cognitive Function Test,jd738f93b2yh0ygd36apzxaem184hedw,Seed,,,
Neuro-stellar,jd7d92r5wp91yjjv7848x769qd84g25s,Seed,2025-05-12,150000,Swapnil Jain; Tarun Mehta
Neuro-stellar,jd7d92r5wp91yjjv7848x769qd84g25s,Seed,2023-01-01,,IIT Mandi Catalyst
Neurosteer,jd7fs9ym9q74j3s1fbrn8wt42s84g47g,Seed,2019-06-01,4500000,
Neurosteer,jd7fs9ym9q74j3s1fbrn8wt42s84g47g,Grant,2018-09-01,82941,EISMEA
Neurosteer,jd7fs9ym9q74j3s1fbrn8wt42s84g47g,Seed,2015-09-15,2000000,Arkady Volozh
NeuroServo,jd74sc031n0ntb6kjar71xwd9x84h9vh,Seed,2023-06-20,1739078,Center of Aging and Brain Health Innovation; Desjardins Capital; Investissement Quebec
NeuroServo,jd74sc031n0ntb6kjar71xwd9x84h9vh,Venture Round,2023-04-19,,National Bank of Canada
NeuroServo,jd74sc031n0ntb6kjar71xwd9x84h9vh,Grant,2023-04-13,,Center of Aging and Brain Health Innovation
NeuroServo,jd74sc031n0ntb6kjar71xwd9x84h9vh,Seed,2022-08-01,,
NeuroServo,jd74sc031n0ntb6kjar71xwd9x84h9vh,Pre Seed,2021-01-01,,
NeuroServo,jd74sc031n0ntb6kjar71xwd9x84h9vh,Venture Round,2020-01-01,,Centech
NeuroSky,jd7fm8a13gdm3aqxswbqp3npyx84g44b,Venture Round,,,SAIF Partners; SoftBank Group
Neurosity,jd7ftre1qg9ch93jmr5berknhd84g3fy,Venture Round,2022-10-07,4981188,
Neurosity,jd7ftre1qg9ch93jmr5berknhd84g3fy,Debt Financing,2022-10-07,,
Neurosity,jd7ftre1qg9ch93jmr5berknhd84g3fy,Seed,2020-09-04,,
Neurosity,jd7ftre1qg9ch93jmr5berknhd84g3fy,Seed,,,
Neurosity,jd7ftre1qg9ch93jmr5berknhd84g3fy,Seed,,,Hatcher+
NeuroOne Medical,jd7c13vkcvw3xdgb4fyabmy18x84gdz0,Post-IPO Equity,,,
NeuroOne Medical,jd7c13vkcvw3xdgb4fyabmy18x84gdz0,Post-IPO Debt,,,Growth Opportunity Funding
NeuroOne Medical,jd7c13vkcvw3xdgb4fyabmy18x84gdz0,Post-IPO Debt,,,Zimmer Biomet
Neuro Rehab VR,jd71936z4261d7b1dnec499zzx84h9q9,Seed,2021-10-04,1600000,
Neuro Rehab VR,jd71936z4261d7b1dnec499zzx84h9q9,Grant,2019-02-06,224893,National Science Foundation
Neuronostics,jd726j079sxj18597eway01rjh84h2rq,Seed,2024-04-05,2654189,Ascension Life Fund
Neuronostics,jd726j079sxj18597eway01rjh84h2rq,Seed,2023-10-04,606900,The FSE Group
Neuronostics,jd726j079sxj18597eway01rjh84h2rq,Seed,,,QantX
Neuronostics,jd726j079sxj18597eway01rjh84h2rq,Grant,,,National Institute for Health and Care Research
Neuronostics,jd726j079sxj18597eway01rjh84h2rq,Grant,,,Innovate UK
Neuronostics,jd726j079sxj18597eway01rjh84h2rq,Grant,,,Innovate UK
Neuronostics,jd726j079sxj18597eway01rjh84h2rq,Grant,,,Innovate UK
Neuronoff,jd78j7xs40zb1zcnfxm4jrn7zd84hbgz,Venture Round,2025-10-07,4500000,
Neuronoff,jd78j7xs40zb1zcnfxm4jrn7zd84hbgz,Grant,,,National Institutes of Health
Neuronoff,jd78j7xs40zb1zcnfxm4jrn7zd84hbgz,Grant,,,National Institutes of Health
Neurolutions,jd733kjtaj2wjtnmep1xaayegn84hqfe,Venture Round,2025-03-14,26549999,
Neurolutions,jd733kjtaj2wjtnmep1xaayegn84hqfe,Venture Round,,,AMED Ventures
Neurolutions,jd733kjtaj2wjtnmep1xaayegn84hqfe,Venture Round,,,Ascension Ventures; BioGenerator; Prolog Ventures
Neurolutions,jd733kjtaj2wjtnmep1xaayegn84hqfe,Seed,,,St. Louis Arch Angels
Neurofenix,jd7et5e6dsamz5rwqxn3hrmjg984gqca,Series A,2022-08-29,6915832,AlbionVC
Neurofenix,jd7et5e6dsamz5rwqxn3hrmjg984gqca,Seed,,,O2h Ventures
Neurofenix,jd7et5e6dsamz5rwqxn3hrmjg984gqca,Grant,,,
Neurofenix,jd7et5e6dsamz5rwqxn3hrmjg984gqca,Seed,,,
Neurofenix,jd7et5e6dsamz5rwqxn3hrmjg984gqca,Seed,,,
Neurode,jd7dxqs675zenvakq160551ted84h13y,Seed,2025-05-08,10000000,StreShi
Neurode,jd7dxqs675zenvakq160551ted84h13y,Pre-Seed,2024-09-13,3500000,Khosla Ventures
Neurode,jd7dxqs675zenvakq160551ted84h13y,Pre-Seed,2021-06-02,,SOSV
Neurobell,jd771nw7ebkxyh7xktj0z8h5g584gp9e,Seed,2024-02-01,2270000,Furthr VC
Neurobell,jd771nw7ebkxyh7xktj0z8h5g584gp9e,Grant,2024-01-01,,Enterprise Ireland
Neurinnov,jd77bdqnd6av2krvtnfweqdz5n84hxg0,Grant,2023-01-31,27152,
Neurinnov,jd77bdqnd6av2krvtnfweqdz5n84hxg0,Seed,2021-12-12,3393258,IRDI
Neuromark,jd793nqevjd1f0jjnsjd7bbred84hb0s,Series C,2026-02-11,74000000,MVM Life Science Partners; Sofinnova Partners
Neuromark,jd793nqevjd1f0jjnsjd7bbred84hb0s,Venture Round,,,Claret Capital Partners
Neuromark,jd793nqevjd1f0jjnsjd7bbred84hb0s,Series B,,,Atlantic Bridge; EQT Life Sciences
Neuromark,jd793nqevjd1f0jjnsjd7bbred84hb0s,Grant,,,EIT Health
Neuromark,jd793nqevjd1f0jjnsjd7bbred84hb0s,Series A,,,Fountain Healthcare Partners; Life Sciences Fund Amsterdam
Nyx-tech,jd79zpn7fn7ej89dvp355kycy184bp5d,Seed,,,Joy Ventures
Afference,jd78hssk266bxe8z6sphm9q8ph84bjq5,Venture Round,2025-12-15,15349970,Evolution VC Partners
Afference,jd78hssk266bxe8z6sphm9q8ph84bjq5,Seed,2024-10-31,3500000,Hannah Grey; Konvoy; Samsung NEXT
Afference,jd78hssk266bxe8z6sphm9q8ph84bjq5,Grant,2024-04-23,200000,Ohio Third Frontier
Afference,jd78hssk266bxe8z6sphm9q8ph84bjq5,Pre-Seed,2023-09-27,1500000,Konvoy
Acoustiic,jd78xzx3swxgqnaghfraf6jmy984brg0,Debt Financing,2024-11-04,,Focused Ultrasound Foundation
Naqi Logix,jd737vcg8697x30nwfxbyw3m7x845n22,Equity Crowdfunding,,,
Naqi Logix,jd737vcg8697x30nwfxbyw3m7x845n22,Venture Round,,,
Naox,jd7ac4r1e5jnp5h99emwxc1mc18458yb,Seed,2022-01-27,4792624,Kurma Partners
Naox,jd7ac4r1e5jnp5h99emwxc1mc18458yb,Non Equity Assistance,2019-07-15,,
Epia Neuro,jd78s21mj3yanaq1pegyjyh6k1845w98,Seed,2019-04-05,1000000,
Linkedin,jd7e4adtm7y4vnggmx7j7nfdcx842jcn,Seed,2026-02-27,54000000,Deepinder Goyal
Clee Medical,jd76fkzkrtnz8k25pc8jqd3b7d843ph5,Seed,2026-02-25,,HTGF (High-Tech Gruenderfonds)
Clee Medical,jd76fkzkrtnz8k25pc8jqd3b7d843ph5,Grant,2025-03-21,169687,Venture Kick
EvON Medics,jd7cj8bj09rpp3vcx27ygxy43x843r6t,Grant,2023-05-02,2948885,National Institute on Aging
EvON Medics,jd7cj8bj09rpp3vcx27ygxy43x843r6t,Grant,2022-09-27,3229999,National Institute of Neurological Disorders and Stroke
EvON Medics,jd7cj8bj09rpp3vcx27ygxy43x843r6t,Grant,2022-05-09,2800000,National Institute on Drug Abuse (NIDA)
EvON Medics,jd7cj8bj09rpp3vcx27ygxy43x843r6t,Grant,2021-04-29,2641180,National Institute on Aging
EvON Medics,jd7cj8bj09rpp3vcx27ygxy43x843r6t,Grant,2018-10-01,450000,National Institute on Aging
MindMaze Therapeutics,jd70mx2pd1rssbfxparxvey9kn83zh59,Venture Round,2022-02-17,105000000,Concord Health Partners
MindMaze Therapeutics,jd70mx2pd1rssbfxparxvey9kn83zh59,Venture Round,2021-10-07,125000000,AlbaCore Capital
MindMaze Therapeutics,jd70mx2pd1rssbfxparxvey9kn83zh59,Venture Round,2017-09-25,,Leonardo DiCaprio
MindMaze Therapeutics,jd70mx2pd1rssbfxparxvey9kn83zh59,Series A,2016-02-16,100000000,Hinduja Group
MindMaze Therapeutics,jd70mx2pd1rssbfxparxvey9kn83zh59,Seed,2015-03-04,10000000,
MindMaze Therapeutics,jd70mx2pd1rssbfxparxvey9kn83zh59,Debt Financing,2015-02-23,527568,Foundation for Innovation and Technology (FIT)
MindMaze Therapeutics,jd70mx2pd1rssbfxparxvey9kn83zh59,Grant,2013-09-01,,
MindMaze Therapeutics,jd70mx2pd1rssbfxparxvey9kn83zh59,Debt Financing,2012-07-05,103266,Foundation for Innovation and Technology (FIT)
MindMaze Therapeutics,jd70mx2pd1rssbfxparxvey9kn83zh59,Grant,2010-09-08,19779,Venture Kick
MindMaze Therapeutics,jd70mx2pd1rssbfxparxvey9kn83zh59,Grant,2010-05-25,8617,Venture Kick
BrainPatch®,jd7e7p28858jp98m5bsnp2emb983y675,Pre-Seed,2021-07-07,500000,
BrainPatch®,jd7e7p28858jp98m5bsnp2emb983y675,Pre-Seed,2020-06-25,550000,
BrainPatch®,jd7e7p28858jp98m5bsnp2emb983y675,Grant,2019-01-01,81868,EISMEA
Egra,jd7dgsw92hzekja5p0w72mf20183ykbb,Venture Round,,5500000,
Mynd Immersive,jd78g4s70akf4y462qxa7enrd183ynpt,Seed,2024-09-16,1625000,
Mynd Immersive,jd78g4s70akf4y462qxa7enrd183ynpt,Seed,2022-04-18,2010000,
Mynd Immersive,jd78g4s70akf4y462qxa7enrd183ynpt,Equity Crowdfunding,2021-04-24,166521,
Mynd Immersive,jd78g4s70akf4y462qxa7enrd183ynpt,Seed,2020-12-31,2822000,
Mynd Immersive,jd78g4s70akf4y462qxa7enrd183ynpt,Pre Seed,2018-04-01,1250000,Capital Factory; Cope Ventures; AustinLee Ventures; VIVE X
Monteris,jd7c04cqyzkt5mttpwjpd55bnh83zcgm,Series E,2026-03-12,28000000,Birchview Fund; InnovaHealth Partners
Monteris,jd7c04cqyzkt5mttpwjpd55bnh83zcgm,Debt Financing,2026-03-12,35000000,Trinity Capital
Monteris,jd7c04cqyzkt5mttpwjpd55bnh83zcgm,Debt Financing,2022-10-27,38000000,Madryn Asset Management
Monteris,jd7c04cqyzkt5mttpwjpd55bnh83zcgm,Series D,2022-09-13,35000000,InnovaHealth Partners
Monteris,jd7c04cqyzkt5mttpwjpd55bnh83zcgm,Venture Round,2020-09-04,9000000,
Monteris,jd7c04cqyzkt5mttpwjpd55bnh83zcgm,Debt Financing,2020-03-30,2500000,
Monteris,jd7c04cqyzkt5mttpwjpd55bnh83zcgm,Series D,2019-01-22,10682010,
Monteris,jd7c04cqyzkt5mttpwjpd55bnh83zcgm,Series C,2017-06-01,26600000,SightLine Partners; Versant Ventures
Monteris,jd7c04cqyzkt5mttpwjpd55bnh83zcgm,Debt Financing,2016-11-21,6830567,
Monteris,jd7c04cqyzkt5mttpwjpd55bnh83zcgm,Debt Financing,2016-06-29,10000000,
Modality.AI,jd7e2w0yab8ba355z6mf5f2xf583z31m,Seed,2024-10-07,570523,
Modality.AI,jd7e2w0yab8ba355z6mf5f2xf583z31m,Non Equity Assistance,2023-11-30,,Health Engine
Modality.AI,jd7e2w0yab8ba355z6mf5f2xf583z31m,Seed,2022-10-07,1119113,Novalis Biotechnology Incubation
Modality.AI,jd7e2w0yab8ba355z6mf5f2xf583z31m,Grant,2022-05-25,2927860,
Modality.AI,jd7e2w0yab8ba355z6mf5f2xf583z31m,Seed,2021-07-30,1739953,Relentless Pursuit Partners
Modality.AI,jd7e2w0yab8ba355z6mf5f2xf583z31m,Pre Seed,2021-04-25,750700,Alchemist Accelerator
Modality.AI,jd7e2w0yab8ba355z6mf5f2xf583z31m,Non Equity Assistance,2021-01-01,,Creative Destruction Lab (CDL)
Mobio Interactive,jd78jyrdxm8xrrstfmkn0xe70d83yatp,Seed,2025-04-14,2000000,Orbit Ventures
Mobio Interactive,jd78jyrdxm8xrrstfmkn0xe70d83yatp,Grant,2023-08-16,50000,OPPO Inspiration Challenge
Mobio Interactive,jd78jyrdxm8xrrstfmkn0xe70d83yatp,Seed,2022-09-16,,TMU BioMed Accelerator
Mobio Interactive,jd78jyrdxm8xrrstfmkn0xe70d83yatp,Seed,2020-09-02,1800000,Verge HealthTech Fund
Mobio Interactive,jd78jyrdxm8xrrstfmkn0xe70d83yatp,Pre-Seed,2017-08-15,550000,Chinaccelerator; SOSV
Moberg Analytics,jd7dkx3k6jv809s246zd62mjsh83yzfq,Seed,2025-10-22,600000,Ben Franklin Technology Partners
mjn-neuro,jd78khd9tvgs7n6qrmk6ke9asn83yr52,Grant,2021-03-29,,ENRICH
mjn-neuro,jd78khd9tvgs7n6qrmk6ke9asn83yr52,Venture Round,2021-01-29,2548918,Centre for the Development of Industrial Technology (CDTI)
mjn-neuro,jd78khd9tvgs7n6qrmk6ke9asn83yr52,Venture Round,2020-12-01,,
mjn-neuro,jd78khd9tvgs7n6qrmk6ke9asn83yr52,Seed,2018-01-24,185891,ENISA
mjn-neuro,jd78khd9tvgs7n6qrmk6ke9asn83yr52,Equity Crowdfunding,2017-12-11,714817,Ship2B
Getenophone,jd7fx0vss22gqyd9pg7yv45bnx83zzhp,Seed,2021-08-10,,Open People Network; SOSV
Getenophone,jd7fx0vss22gqyd9pg7yv45bnx83zzhp,Product Crowdfunding,2020-12-31,1045190,
Getenophone,jd7fx0vss22gqyd9pg7yv45bnx83zzhp,Seed,2018-08-16,,SOSV HAX; SOSV
Getenophone,jd7fx0vss22gqyd9pg7yv45bnx83zzhp,Venture Round,2016-11-15,,SOSV
Getenophone,jd7fx0vss22gqyd9pg7yv45bnx83zzhp,Seed,2016-08-01,38144,NEXT Canada; SOSV; SOSV HAX
Mindrove,jd76qr0rzfmcyd8jx8mj9gwjed83zjvj,Pre-Seed,2018-11-22,17104,Hiventures
Mindaffect,jd711hd9bvkhbx70vkx4sryayn83zr09,Series A,2024-04-29,1178595,
Mindaffect,jd711hd9bvkhbx70vkx4sryayn83zr09,Seed,2018-05-14,1193125,
Mindaffect,jd711hd9bvkhbx70vkx4sryayn83zr09,Pre-Seed,2017-05-01,,NLC
AlphaOmega,jd72jk2e9gppyjbqac96rex9m583ycdx,Venture Round,2018-12-11,7000000,GIBF
Methinks AI Stroke Solutions,jd7e9nz6vw864gddcje92kj4f983zvc6,Convertible Note,2023-11-13,2675328,European Innovation Council
Methinks AI Stroke Solutions,jd7e9nz6vw864gddcje92kj4f983zvc6,Grant,2022-10-14,2430375,European Innovation Council
Methinks AI Stroke Solutions,jd7e9nz6vw864gddcje92kj4f983zvc6,Seed,2020-08-08,,
Metaphysiks,jd75m47g6pc2njkx3jhtk2f8e183ymf3,Seed,2022-06-24,2000000,Tej Tadi; Logitech; The New Frontiers (TNF); All Here SA
Mesmerise Group,jd79kd8gkbxgx82h1mx7kcdmdd83zwgh,Seed,2018-01-01,,Red Carpet Capital
Mendi.io,jd714mr6fzcbhw2zzdydhap8nd83z9d5,Equity Crowdfunding,2020-11-09,3547303,
Mendi.io,jd714mr6fzcbhw2zzdydhap8nd83z9d5,Pre Seed,2019-10-01,,
Mendi.io,jd714mr6fzcbhw2zzdydhap8nd83z9d5,Venture Round,2019-07-12,,
Mendi.io,jd714mr6fzcbhw2zzdydhap8nd83z9d5,Venture Round,2019-03-26,,Vinnova
Medtronic,jd74j5y4wwnwf8tv4b092vvf2983zknm,Post-IPO Debt,2025-09-15,1764460934,
Medtronic,jd74j5y4wwnwf8tv4b092vvf2983zknm,Post-IPO Debt,2024-05-29,3240360198,
Medtronic,jd74j5y4wwnwf8tv4b092vvf2983zknm,Post-IPO Debt,2023-03-23,2000000000,
Medtronic,jd74j5y4wwnwf8tv4b092vvf2983zknm,Grant,2023-03-03,2949545,NHS England
Medtronic,jd74j5y4wwnwf8tv4b092vvf2983zknm,Post-IPO Debt,2022-09-15,3495623479,
Medtronic,jd74j5y4wwnwf8tv4b092vvf2983zknm,Post-IPO Debt,2020-09-24,7297139521,
Medtronic,jd74j5y4wwnwf8tv4b092vvf2983zknm,Post-IPO Equity,2020-06-15,337000000,Blackstone Life Sciences
Medtronic,jd74j5y4wwnwf8tv4b092vvf2983zknm,Post-IPO Equity,2016-08-15,20000000,Trade Capital Funding
Medtronic,jd74j5y4wwnwf8tv4b092vvf2983zknm,Post-IPO Debt,2015-01-23,6200000,
Medtronic,jd74j5y4wwnwf8tv4b092vvf2983zknm,Post-IPO Equity,2013-11-25,3844995,
Mxwbio,jd71g623pqrdxg83mrd67f5k1h83zj39,Debt Financing,2021-12-10,,Technology Fund
Mxwbio,jd71g623pqrdxg83mrd67f5k1h83zj39,Series A,2020-12-16,4517064,Sensirion
Mxwbio,jd71g623pqrdxg83mrd67f5k1h83zj39,Grant,2019-11-02,20271,Venture Kick
Mxwbio,jd71g623pqrdxg83mrd67f5k1h83zj39,Grant,2019-01-01,81868,EISMEA
Mxwbio,jd71g623pqrdxg83mrd67f5k1h83zj39,Pre-Seed,2017-05-10,99096,Venture Kick
Mxwbio,jd71g623pqrdxg83mrd67f5k1h83zj39,Grant,2016-07-05,10243,Venture Kick
Manava,jd7c08a547dtym5yp9e9gv1d9x83zqdx,Grant,2024-01-01,8100000,
Magnusmed,jd7a28b61j59rt6q09fa1bqbhs83yc3v,Venture Round,2025-03-14,63986011,
Magnusmed,jd7a28b61j59rt6q09fa1bqbhs83yc3v,Series A,2021-10-28,25000000,Jazz Venture Partners; Red Tree Venture Capital
BrainLink by Macrotellect,jd73jv31zszhqnaq2vw8stabk183z81t,Series A,2016-05-13,1531900,Green Pine Capital Partners; Yuanzheng Investment
machineMD,jd77v6jkhctvyq4c3t7syp4s6983zc2c,Venture Round,2025-03-18,,Topcon Healthcare
machineMD,jd77v6jkhctvyq4c3t7syp4s6983zc2c,Grant,2024-04-11,,Innosuisse; Innovate UK
machineMD,jd77v6jkhctvyq4c3t7syp4s6983zc2c,Seed,2022-09-06,3249820,Guido Fluri Foundation
machineMD,jd77v6jkhctvyq4c3t7syp4s6983zc2c,Grant,2021-12-16,217622,
machineMD,jd77v6jkhctvyq4c3t7syp4s6983zc2c,Convertible Note,2021-12-16,1338376,
machineMD,jd77v6jkhctvyq4c3t7syp4s6983zc2c,Grant,2021-07-28,1381774,Innosuisse
Machine Medicine,jd7cb342cmyr5fawb8eqnewvnn83yx65,Convertible Note,2024-12-04,,
Machine Medicine,jd7cb342cmyr5fawb8eqnewvnn83yx65,Venture Round,2024-01-01,,
Machine Medicine,jd7cb342cmyr5fawb8eqnewvnn83yx65,Non Equity Assistance,2023-07-11,,Cedars-Sinai Accelerator
Machine Medicine,jd7cb342cmyr5fawb8eqnewvnn83yx65,Seed,2022-08-23,,
Machine Medicine,jd7cb342cmyr5fawb8eqnewvnn83yx65,Seed,2020-05-25,488,
Machine Medicine,jd7cb342cmyr5fawb8eqnewvnn83yx65,Seed,2019-04-04,653680,
Machine Medicine,jd7cb342cmyr5fawb8eqnewvnn83yx65,Convertible Note,2018-08-15,,SOSV
Lumosity,jd738z3kgz15w1xgaft404dx4d83yt8t,Secondary Market,2014-06-13,,
Lumosity,jd738z3kgz15w1xgaft404dx4d83yt8t,Series D,2012-08-22,31500000,Warner Bros Discovery
Lumosity,jd738z3kgz15w1xgaft404dx4d83yt8t,Series C,2011-06-16,32500000,Menlo Ventures
Lumosity,jd738z3kgz15w1xgaft404dx4d83yt8t,Series A,2008-06-03,3100000,Norwest
Lumosity,jd738z3kgz15w1xgaft404dx4d83yt8t,Angel,2007-06-11,400000,Harrison Metal
LumiThera,jd7czhe5thry0r5drxfxpm6vrs83zvba,Venture Round,2024-05-21,2427638,
LumiThera,jd7czhe5thry0r5drxfxpm6vrs83zvba,Debt Financing,2022-03-10,5500000,
LumiThera,jd7czhe5thry0r5drxfxpm6vrs83zvba,Series C,2020-07-08,14000000,WaterStart Capital
LumiThera,jd7czhe5thry0r5drxfxpm6vrs83zvba,Series C,2020-01-13,10000000,WaterStart Capital
LumiThera,jd7czhe5thry0r5drxfxpm6vrs83zvba,Venture Round,2019-07-11,1150000,
LumiThera,jd7czhe5thry0r5drxfxpm6vrs83zvba,Series B,2017-10-31,5500000,WaterStone Capital
LumiThera,jd7czhe5thry0r5drxfxpm6vrs83zvba,Venture Round,2016-12-01,,
LumiThera,jd7czhe5thry0r5drxfxpm6vrs83zvba,Series A,2015-10-05,,
LumiThera,jd7czhe5thry0r5drxfxpm6vrs83zvba,Venture Round,2014-08-19,325000,
Looxid Labs,jd764t1zmzcr36n9w4ckv6ek0983yrn8,Series A,2018-11-12,4000000,Hastings Asset Management
Looxid Labs,jd764t1zmzcr36n9w4ckv6ek0983yrn8,Seed,2017-01-01,,
Looxid Labs,jd764t1zmzcr36n9w4ckv6ek0983yrn8,Seed,2016-09-12,750000,
Looxid Labs,jd764t1zmzcr36n9w4ckv6ek0983yrn8,Pre Seed,2015-02-10,100000,
Longeviti,jd76y8s2c4gapv4tpgfb9j59s183y59j,Venture Round,2025-08-07,10000000,Soleus Capital
Longeviti,jd76y8s2c4gapv4tpgfb9j59s183y59j,Venture Round,2025-01-07,1221921,
Longeviti,jd76y8s2c4gapv4tpgfb9j59s183y59j,Venture Round,2023-11-01,750000,
Longeviti,jd76y8s2c4gapv4tpgfb9j59s183y59j,Venture Round,2023-05-03,1181827,
Longeviti,jd76y8s2c4gapv4tpgfb9j59s183y59j,Venture Round,2022-01-19,4753310,
Longeviti,jd76y8s2c4gapv4tpgfb9j59s183y59j,Series C,2020-09-23,6000000,
Longeviti,jd76y8s2c4gapv4tpgfb9j59s183y59j,Debt Financing,2019-06-28,,
Longeviti,jd76y8s2c4gapv4tpgfb9j59s183y59j,Series B,2019-06-28,9589743,
株式会社LIFESCAPES,jd7c5hw1m4qbg26tw44t0j4k4983ytmj,Seed,2022-06-20,5329405,Miraidoa; SMBC Venture Capital; Beyond Next Ventures; Nippon Venture Capital; Keio Innovation Initiative; Cyberdyne; Mitsubishi UFJ Capital; JGC Holdings Corporation; Global Brain Corporation
株式会社LIFESCAPES,jd7c5hw1m4qbg26tw44t0j4k4983ytmj,Venture Round,2022-01-01,,MITSUI SUMITOMO INSURANCE Venture Capital (MSIVC)
Neuraled,jd7by47b4jt5j233fx1agbqg7s83z2rn,Series D,2022-07-20,50000000,Alignment Growth
Neuraled,jd7by47b4jt5j233fx1agbqg7s83z2rn,Series C,2019-10-31,30000000,OMERS Ventures
Neuraled,jd7by47b4jt5j233fx1agbqg7s83z2rn,Series B,2017-04-06,18000000,Mayfield Fund
Neuraled,jd7by47b4jt5j233fx1agbqg7s83z2rn,Series A,2015-11-22,2000000,
Neuraled,jd7by47b4jt5j233fx1agbqg7s83z2rn,Series A,2015-09-22,6500000,Emergence Capital
KeyWise,jd7d7rt51hstqpvdde7ndzjg3h83z5sh,Seed,2022-04-04,,Merus Capital; 3CC | Third Culture Capital; TSVC
Karavela,jd7adgzc2nr509tbp3nk2mjjtn83ymbp,Non Equity Assistance,2025-10-01,,AGORANOV
Karavela,jd7adgzc2nr509tbp3nk2mjjtn83ymbp,Pre Seed,2025-08-22,2344900,Daphni; First Momentum Ventures; HCVC
iMotions,jd78rw8n7dq275p7g8bg2nx36x83yxg6,Venture Round,2007-08-21,2700000,the Way Forward Aps; Inventure Capital
iMotions,jd78rw8n7dq275p7g8bg2nx36x83yxg6,Venture Round,2006-02-23,1600000,Syddansk Venture
We are brain imaging specialists Imeka™,jd7btz9ma4zcx94aads16p8rvn83z3tv,Grant,2023-10-24,,Alzheimer's Drug Discovery Foundation
We are brain imaging specialists Imeka™,jd7btz9ma4zcx94aads16p8rvn83z3tv,Non Equity Assistance,2019-06-25,,Creative Destruction Lab (CDL)
We are brain imaging specialists Imeka™,jd7btz9ma4zcx94aads16p8rvn83z3tv,Seed,2017-12-10,850000,Desjardins-Innovatech
We are brain imaging specialists Imeka™,jd7btz9ma4zcx94aads16p8rvn83z3tv,Debt Financing,2017-12-10,150000,
Iconeus,jd71eap1e320vdzsvr1p2cvtg983zn75,Venture Round,2016-11-01,,AGORANOV
"Hyperfine, Inc. and the Swoop® Portable MR Imaging® System",jd73hcfq810nzh22sw3v7atyh983ymk7,Post-IPO Debt,2026-03-19,40000000,Horizon Technology Finance
"Hyperfine, Inc. and the Swoop® Portable MR Imaging® System",jd73hcfq810nzh22sw3v7atyh983ymk7,Grant,2025-11-19,3700000,Bill & Melinda Gates Foundation
"Hyperfine, Inc. and the Swoop® Portable MR Imaging® System",jd73hcfq810nzh22sw3v7atyh983ymk7,Post-IPO Equity,2025-10-16,17500000,
"Hyperfine, Inc. and the Swoop® Portable MR Imaging® System",jd73hcfq810nzh22sw3v7atyh983ymk7,Post-IPO Equity,2025-02-11,6000000,
"Hyperfine, Inc. and the Swoop® Portable MR Imaging® System",jd73hcfq810nzh22sw3v7atyh983ymk7,Grant,2023-05-18,3000000,Bill & Melinda Gates Foundation
"Hyperfine, Inc. and the Swoop® Portable MR Imaging® System",jd73hcfq810nzh22sw3v7atyh983ymk7,Post-IPO Equity,2021-12-23,126000000,
"Hyperfine, Inc. and the Swoop® Portable MR Imaging® System",jd73hcfq810nzh22sw3v7atyh983ymk7,Series D,2021-02-10,90000000,Altium Capital
"Hyperfine, Inc. and the Swoop® Portable MR Imaging® System",jd73hcfq810nzh22sw3v7atyh983ymk7,Series C,,75000000,
"Hyperfine, Inc. and the Swoop® Portable MR Imaging® System",jd73hcfq810nzh22sw3v7atyh983ymk7,Series B,,43000000,
"Hyperfine, Inc. and the Swoop® Portable MR Imaging® System",jd73hcfq810nzh22sw3v7atyh983ymk7,Series A,,12000000,
"Hyperfine, Inc. and the Swoop® Portable MR Imaging® System",jd73hcfq810nzh22sw3v7atyh983ymk7,Venture Round,2017-01-17,,
"Hyperfine, Inc. and the Swoop® Portable MR Imaging® System",jd73hcfq810nzh22sw3v7atyh983ymk7,Seed,2014-02-01,2000000,
Cogwear,jd711x5ck5xf38pzz2pbqkfg8983w0kp,Corporate Round,2022-12-01,,GlassView
Cogwear,jd711x5ck5xf38pzz2pbqkfg8983w0kp,Grant,2021-05-12,256000,National Science Foundation
Cogwear,jd711x5ck5xf38pzz2pbqkfg8983w0kp,Grant,2020-06-18,100000,Ben Franklin Technology Partners of Southeastern Pennsylvania
Cogwear,jd711x5ck5xf38pzz2pbqkfg8983w0kp,Non Equity Assistance,2019-01-01,,Creative Destruction Lab (CDL)
Tryhealium,jd78hbbyr32g8ak37fv6yn0zpx83w0n1,Grant,2023-11-07,25000,CTIA Wireless Foundation
Tryhealium,jd78hbbyr32g8ak37fv6yn0zpx83w0n1,Seed,2023-02-20,3600000,
Tryhealium,jd78hbbyr32g8ak37fv6yn0zpx83w0n1,Venture Round,2021-03-01,,
Tryhealium,jd78hbbyr32g8ak37fv6yn0zpx83w0n1,Non Equity Assistance,2020-10-21,50000,MassChallenge
Tryhealium,jd78hbbyr32g8ak37fv6yn0zpx83w0n1,Seed,2019-09-12,1300000,
Healios.org,jd7bcc1fpmfk67nnv8xmaw07cn83x509,Series B,2022-11-03,15638579,Autism Impact Fund
Healios.org,jd7bcc1fpmfk67nnv8xmaw07cn83x509,Series A,2021-05-18,9931149,InHealth Ventures
Healios.org,jd7bcc1fpmfk67nnv8xmaw07cn83x509,Venture Round,2018-06-14,2916101,Spice Capital Partners
Grey Matter Neuropsychology of New York,jd7536n6558vc9znch2p3q78hd83x99r,Seed,2025-01-23,14000000,Wittington Ventures
FRENZ™ by Earable™ Neuroscience,jd74771wppnfjbabypsbkt4y3h83wq3f,Convertible Note,2023-06-21,,Samsung Ventures
FRENZ™ by Earable™ Neuroscience,jd74771wppnfjbabypsbkt4y3h83wq3f,Seed,2022-01-20,6600000,Founders Fund; Smilegate Investment
FRENZ™ by Earable™ Neuroscience,jd74771wppnfjbabypsbkt4y3h83wq3f,Seed,2019-07-26,2100000,
Dusq,jd7a44g1b68xkrgt0mrvzy9mx583xvk1,Seed,2026-02-12,2900000,Pravega Ventures
Digilens,jd7fct48gx90srfn5drzn2yaj183x2y2,Series D,2022-04-07,50000000,
Digilens,jd7fct48gx90srfn5drzn2yaj183x2y2,Series D,2021-11-04,,Samsung Electronics
Digilens,jd7fct48gx90srfn5drzn2yaj183x2y2,Debt Financing,2020-04-20,,Samsung Ventures
Digilens,jd7fct48gx90srfn5drzn2yaj183x2y2,Series C,2019-05-14,50000000,UDC Ventures
Digilens,jd7fct48gx90srfn5drzn2yaj183x2y2,Series C,2018-05-17,25000000,Continental
Digilens,jd7fct48gx90srfn5drzn2yaj183x2y2,Series B,2017-01-19,22000000,
Digilens,jd7fct48gx90srfn5drzn2yaj183x2y2,Series A,2012-01-01,13000000,
"Diagnostic Biochips, Inc.",jd7cx2sg0weerfm30gqyfxv9js83xp79,Grant,2025-05-13,,Maryland Stem Cell Research Fund (MSCRF)
"Diagnostic Biochips, Inc.",jd7cx2sg0weerfm30gqyfxv9js83xp79,Grant,2025-02-19,59444,Maryland Department of Commerce
"Diagnostic Biochips, Inc.",jd7cx2sg0weerfm30gqyfxv9js83xp79,Venture Round,2021-03-03,1084649,
"Diagnostic Biochips, Inc.",jd7cx2sg0weerfm30gqyfxv9js83xp79,Seed,2013-11-25,150000,
Glneurotech,jd71npxccejj16xry4rhfzq7th83wzaz,Grant,2025-08-28,2100000,National Institute of Neurological Disorders and Stroke
Glneurotech,jd71npxccejj16xry4rhfzq7th83wzaz,Grant,2015-09-21,1900000,
Alljoined,jd7912b6fv69r8tqhczyfa8xbd83p7ay,Seed,2025-01-01,,Compound; Valor Equity Partners; Khosla Ventures
Boston Scientific Corporation,jd76ntsepqhbr845p0hjxsbsgd83hhky,Post-IPO Debt,2025-03-21,1600000000,
Boston Scientific Corporation,jd76ntsepqhbr845p0hjxsbsgd83hhky,Post-IPO Debt,,,
Boston Scientific Corporation,jd76ntsepqhbr845p0hjxsbsgd83hhky,Post-IPO Debt,,,
Boston Scientific Corporation,jd76ntsepqhbr845p0hjxsbsgd83hhky,Post-IPO Equity,,,
Boston Scientific Corporation,jd76ntsepqhbr845p0hjxsbsgd83hhky,Post-IPO Debt,,,
"Boomerang Medical, Inc.",jd7d421k4v538mn9mjrbadsq9h83gp46,Series B,2025-09-04,20000000,Arboretum Ventures; Hatteras Venture Partners
"Boomerang Medical, Inc.",jd7d421k4v538mn9mjrbadsq9h83gp46,Series A,,,Arboretum Ventures; Hatteras Venture Partners
"Boomerang Medical, Inc.",jd7d421k4v538mn9mjrbadsq9h83gp46,Seed,,,Arboretum Ventures
Bluearbortech,jd7b4g6x19byv0rgj1m1q9vt4983gvtg,Series A,2026-02-26,5000000,Ottobock
Bitbrain,jd73zne4h492h4bbafyx41g4j183hf5y,Grant,2015-03-01,670982,EISMEA
Bitbrain,jd73zne4h492h4bbafyx41g4j183hf5y,Grant,2012-09-01,628871,EISMEA
Bitbrain,jd73zne4h492h4bbafyx41g4j183hf5y,Grant,2011-02-01,690240,EISMEA
Bioventus,jd776c41j7mky8gkkaztgb4dk183hk9r,Post-IPO Debt,2025-08-31,400000000,Wells Fargo
Bioventus,jd776c41j7mky8gkkaztgb4dk183hk9r,Post-IPO Debt,2025-08-04,,
Bioventus,jd776c41j7mky8gkkaztgb4dk183hk9r,Series A,2012-05-04,,Ampersand Capital Partners
Bioventus,jd776c41j7mky8gkkaztgb4dk183hk9r,Debt Financing,2015-07-21,,Alcentra Capital Corporation
BIOSerenity,jd73w2q2h597zwm0cnr39nc67183hyxx,Venture Round,2023-11-13,25683145,Jolt Capital
BIOSerenity,jd73w2q2h597zwm0cnr39nc67183hyxx,Corporate Round,2022-02-17,,Scor
BIOSerenity,jd73w2q2h597zwm0cnr39nc67183hyxx,Corporate Round,,,Scor
BIOSerenity,jd73w2q2h597zwm0cnr39nc67183hyxx,Series B,,,Dassault Systemes
BIOSerenity,jd73w2q2h597zwm0cnr39nc67183hyxx,Series A,,,LBO France
BIOSerenity,jd73w2q2h597zwm0cnr39nc67183hyxx,Seed,,,Kurma Partners
BIOSerenity,jd73w2q2h597zwm0cnr39nc67183hyxx,Pre-Seed,,,
Bios,jd7fdx4kphg5pz8nqmcgwtszzn83gwhk,Venture Round,2024-01-09,,Kern Venture Group
Bios,jd7fdx4kphg5pz8nqmcgwtszzn83gwhk,Series A,2023-06-22,20000000,Selvedge Venture; XTX Ventures
Bios,jd7fdx4kphg5pz8nqmcgwtszzn83gwhk,Grant,2022-11-03,21000000,National Institutes of Health
Bios,jd7fdx4kphg5pz8nqmcgwtszzn83gwhk,Grant,2019-05-01,108479,SBRI Healthcare
Bios,jd7fdx4kphg5pz8nqmcgwtszzn83gwhk,Seed,2018-12-04,4500000,AME Cloud Ventures; Ariel Poler; Real Ventures
Bios,jd7fdx4kphg5pz8nqmcgwtszzn83gwhk,Grant,,,Innovate UK
Bios,jd7fdx4kphg5pz8nqmcgwtszzn83gwhk,Seed,,,
Bios,jd7fdx4kphg5pz8nqmcgwtszzn83gwhk,Venture Round,,,
Bios,jd7fdx4kphg5pz8nqmcgwtszzn83gwhk,Non Equity Assistance,,,
Bios,jd7fdx4kphg5pz8nqmcgwtszzn83gwhk,Non Equity Assistance,,,
Bios,jd7fdx4kphg5pz8nqmcgwtszzn83gwhk,Grant,,,
"Bexorg, Inc.",jd7dat112ftbmnhcbys9qqp9sx83gb1y,Grant,2026-01-28,,Michael J. Fox Foundation
"Bexorg, Inc.",jd7dat112ftbmnhcbys9qqp9sx83gb1y,Series A,2025-10-15,23000000,Engine Ventures
Holbergeeg,jd77k3myya22mqwxn1hzj8p4ms83eeev,Venture Round,2015-09-11,685881,TeleVenture Management
Holbergeeg,jd77k3myya22mqwxn1hzj8p4ms83eeev,Seed,2018-03-15,570311,
Highland Instruments Highland Instruments,jd71tpa3s4jmnenf0jy68g2eyn83etc9,Grant,2025-11-10,4000000,National Institutes of Health
Highland Instruments Highland Instruments,jd71tpa3s4jmnenf0jy68g2eyn83etc9,Grant,2025-05-16,100000,MassVentures
Highland Instruments Highland Instruments,jd71tpa3s4jmnenf0jy68g2eyn83etc9,Seed,,,
Great Lakes NeuroTechnologies,jd7cm3j866xpzyatzmkmnqzrmn83e846,Grant,2025-08-28,2100000,National Institute of Neurological Disorders and Stroke
Great Lakes NeuroTechnologies,jd7cm3j866xpzyatzmkmnqzrmn83e846,Grant,,3999999,National Institutes of Health
Galvanize,jd70376pphjbjk855jgdgf9aq183fg8a,Series C,2025-09-03,100000000,Sofinnova Partners
Galvanize,jd70376pphjbjk855jgdgf9aq183fg8a,Series B,2022-09-01,,Fidelity
Galvanize,jd70376pphjbjk855jgdgf9aq183fg8a,Debt Financing,,,
Galvanize,jd70376pphjbjk855jgdgf9aq183fg8a,Debt Financing,,,
Galvanize,jd70376pphjbjk855jgdgf9aq183fg8a,Venture Round,,,
"Fisher Wallace Laboratories, Inc.",jd7by903v7s6wxbbzjg5mqfd5183fktp,Equity Crowdfunding,2025-11-06,228289,
"Fisher Wallace Laboratories, Inc.",jd7by903v7s6wxbbzjg5mqfd5183fktp,Equity Crowdfunding,2025-04-02,203314,
"Fisher Wallace Laboratories, Inc.",jd7by903v7s6wxbbzjg5mqfd5183fktp,Equity Crowdfunding,2024-07-22,237729,
"Fisher Wallace Laboratories, Inc.",jd7by903v7s6wxbbzjg5mqfd5183fktp,Equity Crowdfunding,2024-06-06,405904,
"Fisher Wallace Laboratories, Inc.",jd7by903v7s6wxbbzjg5mqfd5183fktp,Equity Crowdfunding,2024-03-20,469069,
"Fisher Wallace Laboratories, Inc.",jd7by903v7s6wxbbzjg5mqfd5183fktp,Equity Crowdfunding,2023-02-27,883788,
"Fisher Wallace Laboratories, Inc.",jd7by903v7s6wxbbzjg5mqfd5183fktp,Equity Crowdfunding,2022-09-07,181498,
"Fisher Wallace Laboratories, Inc.",jd7by903v7s6wxbbzjg5mqfd5183fktp,Venture Round,2022-03-29,2500000,SHUFL Capital
"Fareon, Inc.",jd7a75j4zzdd5pmbq62pygq4e1838deh,Seed,2025-02-21,,One Mind Accelerator
Eyetronic,jd7f0p9z4914xkbtmrht8m4abx83932b,Venture Round,2017-08-09,3529017,Norgine Ventures
Eyetronic,jd7f0p9z4914xkbtmrht8m4abx83932b,Grant,2017-05-01,,MedTech Innovator
Eyetronic,jd7f0p9z4914xkbtmrht8m4abx83932b,Venture Round,2015-08-19,1222941,Earlybird Venture Capital; HTGF (High-Tech Gruenderfonds)
Eyetronic,jd7f0p9z4914xkbtmrht8m4abx83932b,Equity Crowdfunding,2015-02-09,293130,
Eyetronic,jd7f0p9z4914xkbtmrht8m4abx83932b,Series B,2013-06-11,3991326,Earlybird Venture Capital; HTGF (High-Tech Gruenderfonds)
Eyetronic,jd7f0p9z4914xkbtmrht8m4abx83932b,Series B,2010-01-20,4231694,Earlybird Venture Capital
Eyetronic,jd7f0p9z4914xkbtmrht8m4abx83932b,Seed,2009-03-04,,
"Enspire DBS Therapy, Inc.",jd765nsrmnm6bjgmykehsk4gn98386ey,Series B,2026-01-13,10300000,Genesys Capital; Cleveland Clinic; JobsOhio
"Enspire DBS Therapy, Inc.",jd765nsrmnm6bjgmykehsk4gn98386ey,Series B,2023-08-01,17600000,Cleveland Clinic; JobsOhio
Encora Therapeutics,jd74e3bnsfvfkq0ttpydgzg0h1838kf7,Grant,,,Health Engine
Encora Therapeutics,jd74e3bnsfvfkq0ttpydgzg0h1838kf7,Non Equity Assistance,,,MassChallenge; MIT delta v
Encora Therapeutics,jd74e3bnsfvfkq0ttpydgzg0h1838kf7,Pre Seed,,,Innospark Ventures
Encora Therapeutics,jd74e3bnsfvfkq0ttpydgzg0h1838kf7,Pre Seed,,,Good Growth Capital
Encora Therapeutics,jd74e3bnsfvfkq0ttpydgzg0h1838kf7,Angel,,,
EnChannel Medical,jd748s2tkchmn5n31y6zys90qd8390wz,Series B,2025-04-23,82338411,Lilly Asia Ventures; Longzhu Capital; Lapam Capital
EnChannel Medical,jd748s2tkchmn5n31y6zys90qd8390wz,Series A,2023-08-01,27864855,Lilly Asia Ventures; Longpan Investment
EMVision,jd75ykkfn61eajqpkvmx45f56n838peh,Grant,2025-07-30,3222898,Business.gov.au
EMVision,jd75ykkfn61eajqpkvmx45f56n838peh,Post-IPO Equity,2024-03-17,15280000,Keysight Technologies
EMVision,jd75ykkfn61eajqpkvmx45f56n838peh,Grant,,,Australian Government
EMVision,jd75ykkfn61eajqpkvmx45f56n838peh,Grant,,,Australian Government
Eight Sleep,jd7dfmagt4v0ybx2c93q0wh1e9838rke,Series D,2026-03-04,50000000,Tether Ventures
Eight Sleep,jd7dfmagt4v0ybx2c93q0wh1e9838rke,Series D,2025-09-19,100000000,HSG
Eight Sleep,jd7dfmagt4v0ybx2c93q0wh1e9838rke,Series C,,,Valor Equity Partners
Eight Sleep,jd7dfmagt4v0ybx2c93q0wh1e9838rke,Series C,,,Founders Fund
Eight Sleep,jd7dfmagt4v0ybx2c93q0wh1e9838rke,Series B,,,Khosla Ventures
Eight Sleep,jd7dfmagt4v0ybx2c93q0wh1e9838rke,Series A,,,
Eight Sleep,jd7dfmagt4v0ybx2c93q0wh1e9838rke,Seed,,,
Eight Sleep,jd7dfmagt4v0ybx2c93q0wh1e9838rke,Venture Round,,,
Eight Sleep,jd7dfmagt4v0ybx2c93q0wh1e9838rke,Convertible Note,,,
Dreem,jd7ez3yppenjz6rezpq273cbb1838bbt,Venture Round,2018-06-26,35000000,Bpifrance; Johnson & Johnson
Dreem,jd7ez3yppenjz6rezpq273cbb1838bbt,Venture Round,,,
Dreem,jd7ez3yppenjz6rezpq273cbb1838bbt,Series A,,,
Darmiyan,jd71kb9xgy53bm3dq0a3tgsc7x8398k6,Venture Round,,,
Darmiyan,jd71kb9xgy53bm3dq0a3tgsc7x8398k6,Seed,,,Eisai
Darmiyan,jd71kb9xgy53bm3dq0a3tgsc7x8398k6,Seed,,,
Darmiyan,jd71kb9xgy53bm3dq0a3tgsc7x8398k6,Seed,,,
Darmiyan,jd71kb9xgy53bm3dq0a3tgsc7x8398k6,Pre-Seed,,,
Darmiyan,jd71kb9xgy53bm3dq0a3tgsc7x8398k6,Non Equity Assistance,,,
Starlab,jd7dgcnjfkjkkegfszbnnc0q41838tv9,Seed,,,EISMEA
Starlab,jd7dgcnjfkjkkegfszbnnc0q41838tv9,Venture Round,2024-04-04,,Mitsubishi Corporation
Starlab,jd7dgcnjfkjkkegfszbnnc0q41838tv9,Venture Round,2025-12-26,,Sumitomo Mitsui Trust Bank
Steadiwear Inc.,jd721fswzwnmgampjezwpk8sxs8388rc,Venture Round,2025-09-24,1439186,
Steadiwear Inc.,jd721fswzwnmgampjezwpk8sxs8388rc,Debt Financing,2025-09-24,,
Steadiwear Inc.,jd721fswzwnmgampjezwpk8sxs8388rc,Grant,2025-09-24,,Accelerator Centre
Steadiwear Inc.,jd721fswzwnmgampjezwpk8sxs8388rc,Seed,2021-07-26,877034,3W Partners
StimAire,jd7dtq90v5xxwsqrjhcp41wwts8385yj,Series A,2019-11-18,2670000,UAVenture Capital
StimCardio,jd7dn1ya8zsnqe1ztjc47gg4rd838n5s,Series A,2025-07-01,,New York Angels
StimCardio,jd7dn1ya8zsnqe1ztjc47gg4rd838n5s,Seed,2023-09-18,,Solardis Health Ventures
StimCardio,jd7dn1ya8zsnqe1ztjc47gg4rd838n5s,Non Equity Assistance,2022-06-07,,MedTech Innovator
StimCardio,jd7dn1ya8zsnqe1ztjc47gg4rd838n5s,Pre Seed,2018-07-13,2000000,
Stimdia,jd71ce9nav3zd6ne7s8c6bwn8x839811,Series B,2022-07-14,16000000,Solas BioVentures
Stimdia,jd71ce9nav3zd6ne7s8c6bwn8x839811,Venture Round,2019-12-18,1903082,
Stimdia,jd71ce9nav3zd6ne7s8c6bwn8x839811,Venture Round,2018-02-07,1149000,Draper Triangle
Stimdia,jd71ce9nav3zd6ne7s8c6bwn8x839811,Seed,,,
"Supermind Platforms, Inc",jd79xpvy8928aemtwha28qbq3h8391s5,Seed,2022-07-01,,
Join.synchneuro,jd75wtt9mf4pk8w36t8xnbbvbx8396pq,Seed,,,Boomerang Ventures
Synerfuse,jd7evg15r2anbwzge42z977qr18390aa,Venture Round,2021-04-20,3600000,
Synerfuse,jd7evg15r2anbwzge42z977qr18390aa,Venture Round,,,
Synerfuse,jd7evg15r2anbwzge42z977qr18390aa,Angel Round,,,
synergiamedical.com,jd7dwham6kae207r35td2pjjd5838c7h,Series B,2023-01-01,4104000,
synergiamedical.com,jd7dwham6kae207r35td2pjjd5838c7h,Grant,2022-06-15,2614423,European Innovation Council
synergiamedical.com,jd7dwham6kae207r35td2pjjd5838c7h,Series A,,,Newton Biocapital
Turingmedical,jd72gkwsfc0gx4f8h4k2skeas5837ckb,Venture Round,2022-01-01,,Pickup Capital
Turingmedical,jd72gkwsfc0gx4f8h4k2skeas5837ckb,Seed,2019-01-01,,Ferry Venture Capital
UbiquityVX,jd7crnvtmdma2pd4ba5fx3br1n8377ky,Seed,2023-05-15,500000,
Viewmind,jd761v1tg5jz5xm9xyzcf7ksfs836jhv,Venture Round,,,
Viewmind,jd761v1tg5jz5xm9xyzcf7ksfs836jhv,Venture Round,,,
Viewmind,jd761v1tg5jz5xm9xyzcf7ksfs836jhv,Seed,,,Cites; Mark Edwards
Vital Connect,jd7at4qh22tvw1cwpcbkm437yn837a77,Venture Round,2025-02-19,100000000,Ally Bridge Group
Vital Connect,jd7at4qh22tvw1cwpcbkm437yn837a77,Debt Financing,,,Trinity Capital
Vital Connect,jd7at4qh22tvw1cwpcbkm437yn837a77,Series F,,,Revelation Partners
Vital Connect,jd7at4qh22tvw1cwpcbkm437yn837a77,Venture Round,,,Health Insight Capital
Vital Connect,jd7at4qh22tvw1cwpcbkm437yn837a77,Series E,,,Essex Woodlands Healthcare Partners
Vital Connect,jd7at4qh22tvw1cwpcbkm437yn837a77,Debt Financing,,,Oxford Finance LLC
Vital Connect,jd7at4qh22tvw1cwpcbkm437yn837a77,Series C,,,Baxter Ventures; MVM Life Science Partners
Vital Connect,jd7at4qh22tvw1cwpcbkm437yn837a77,Series B,,,Perceptive Advisors
Vital Connect,jd7at4qh22tvw1cwpcbkm437yn837a77,Debt Financing,,,
Comphya,jd7b107apsfhvy9dfr0w8hyqd57zar9c,Convertible Note,2024-01-01,5280000,
Neuros Medical,jd7e79cgya2r0gm66wzf7awtk17zage5,Series D,2025-08-09,56000000,
EvrenVNS,jd7bsby0hrvdx0k8zm6hfv5wcs7za2s7,Seed,2021-05-11,280000,
RUTEN,jd72ga6tt5495p0dftemc6czqx7zbdrr,Pre-Seed,,,
RUTEN,jd72ga6tt5495p0dftemc6czqx7zbdrr,Grant,,,
Sora Neuroscience,jd71waz4mp7715sadw4faxyhpx7za8aq,Seed,2023-10-31,1427500,
Sora Neuroscience,jd71waz4mp7715sadw4faxyhpx7za8aq,Seed,2021-09-09,1980000,
Positrigo,jd79015d6a910t1x13x7nz24bd7zbxgf,Venture Round,2025-06-10,8514872,HealthCap
Positrigo,jd79015d6a910t1x13x7nz24bd7zbxgf,Venture Round,2024-11-14,2470356,
Positrigo,jd79015d6a910t1x13x7nz24bd7zbxgf,Series B,,,Fairway Asset Management
Positrigo,jd79015d6a910t1x13x7nz24bd7zbxgf,Series A,,,European Innovation Council
Positrigo,jd79015d6a910t1x13x7nz24bd7zbxgf,Series A,,,4FOX Ventures
Positrigo,jd79015d6a910t1x13x7nz24bd7zbxgf,Grant,,,Innosuisse
Positrigo,jd79015d6a910t1x13x7nz24bd7zbxgf,Grant,,,European Innovation Council
Positrigo,jd79015d6a910t1x13x7nz24bd7zbxgf,Pre Seed,,,Venture Kick
Positrigo,jd79015d6a910t1x13x7nz24bd7zbxgf,Grant,,,Venture Kick
Positrigo,jd79015d6a910t1x13x7nz24bd7zbxgf,Grant,,,Venture Kick
Arctop Inc.,jd773hff7m7cfevaff7g06d89x7zbpx5,Series A,2023-10-10,10000000,Fifth Growth Fund; Supermoon Capital
Arctop Inc.,jd773hff7m7cfevaff7g06d89x7zbpx5,Seed,2019-07-01,4000000,Metropolis Ventures
Arctop Inc.,jd773hff7m7cfevaff7g06d89x7zbpx5,Pre Seed,2017-06-15,1000000,
G.tec Neurotechnology GmbH,jd72rw0c6wahekvx7xyr737r6s7zbx81,Grant,2016-02-01,2031030,EISMEA
Bottneuro AG,jd72c3fg698h4a4anxe9zgn0jd7zabms,Convertible Note,2022-12-15,4311804,
Bottneuro AG,jd72c3fg698h4a4anxe9zgn0jd7zabms,Grant,2022-12-12,,IMD Startup Competition
Bottneuro AG,jd72c3fg698h4a4anxe9zgn0jd7zabms,Grant,,,Venture Kick
Brain4,jd713ks0b80yt13mafgwdjj66s7za990,Series A,2020-09-01,3500000,Miletus Fund
Brain4,jd713ks0b80yt13mafgwdjj66s7za990,Seed,2019-06-01,720000,
Brain4,jd713ks0b80yt13mafgwdjj66s7za990,Seed,2018-03-01,5000000,
Brain4,jd713ks0b80yt13mafgwdjj66s7za990,Pre Seed,2016-01-01,500000,
Brainify.AI,jd7cz85hn51kbpk39ggb6qxc897za3yq,Seed,2025-08-31,2300000,
Brainify.AI,jd7cz85hn51kbpk39ggb6qxc897za3yq,Pre-Seed,2023-10-01,150000,Merck Digital Sciences Studio
Brainify.AI,jd7cz85hn51kbpk39ggb6qxc897za3yq,Pre-Seed,2023-01-10,1000000,
Brainify.AI,jd7cz85hn51kbpk39ggb6qxc897za3yq,Pre-Seed,2022-11-01,100000,
Brainify.AI,jd7cz85hn51kbpk39ggb6qxc897za3yq,Pre-Seed,2022-08-10,100000,
Brainify.AI,jd7cz85hn51kbpk39ggb6qxc897za3yq,Pre-Seed,2022-02-01,100000,
Brainify.AI,jd7cz85hn51kbpk39ggb6qxc897za3yq,Pre-Seed,2021-12-01,100000,
Brainify.AI,jd7cz85hn51kbpk39ggb6qxc897za3yq,Pre-Seed,2021-04-16,200000,
Natus Medical Incorporated,jd70fqry11pmjtyw1h48nbxgc57zbk5f,Post-IPO Equity,2006-08-24,30760000,ROTH Capital Partners
SpineX,jd7765ngeaej09hd5z6pet5b4n7zayv8,Grant,2023-09-26,,National Institutes of Health
SpineX,jd7765ngeaej09hd5z6pet5b4n7zayv8,Grant,2022-07-21,,Consortium For Technology & Innovation in Pediatrics
SpineX,jd7765ngeaej09hd5z6pet5b4n7zayv8,Grant,2021-08-19,255568,National Science Foundation
VIVATRONIX,jd71kbryzjtzzrrnzr44hnfwb17zaajx,Venture Round,,,
NeuroDiscovery AI,jd71k3h0p8g86nq2120rq0whj17zacdy,Seed,2023-01-01,6000000,
Salvia BioElectronics B.V.,jd792d8sbr2qxd6n9qeh8cma5x7zb5sb,Series B,2025-06-27,60400000,Innovation Industries
Salvia BioElectronics B.V.,jd792d8sbr2qxd6n9qeh8cma5x7zb5sb,Non Equity Assistance,,,MedTech Innovator
Salvia BioElectronics B.V.,jd792d8sbr2qxd6n9qeh8cma5x7zb5sb,Grant,,,EIC Accelerator
Salvia BioElectronics B.V.,jd792d8sbr2qxd6n9qeh8cma5x7zb5sb,Series A,,,Inkef; Panakes Partners; SHS Capital
Salvia BioElectronics B.V.,jd792d8sbr2qxd6n9qeh8cma5x7zb5sb,Seed,,,BOM; Thuja Capital
Salvia BioElectronics B.V.,jd792d8sbr2qxd6n9qeh8cma5x7zb5sb,Seed,,,BOM
Epineuron,jd71b8rcv9njtzk9skj85negen7zb3ne,Non Equity Assistance,2022-06-07,,MedTech Innovator
Epineuron,jd71b8rcv9njtzk9skj85negen7zb3ne,Grant,2020-05-28,,
BrainCo,jd76czx18tgz4x5na05hc444617zbrjw,Series A,2025-10-10,30000000,
Axoft,jd749xz5zeb195e5yv5gedd3zh7zbr58,Convertible Note,2024-12-19,10000000,
Axoft,jd749xz5zeb195e5yv5gedd3zh7zbr58,Non Equity Assistance,2023-05-09,,Intel Ignite
Axoft,jd749xz5zeb195e5yv5gedd3zh7zbr58,Seed,2022-10-18,8000000,The Engine
Avivomed,jd70pparee4bt26yw3e1w6e32x7zak68,Series A,2021-12-01,32000000,F-Prime Capital; Hatteras Venture Partners; Norwest Venture Partners; Treo Ventures
Sona,jd70q78r6g3mhjp6341ry58pa17za7gw,Equity Crowdfunding,2023-01-05,75432,
Sona,jd70q78r6g3mhjp6341ry58pa17za7gw,Pre-Seed,2021-07-01,1000000,Primera Capital; Paramdeep Singh; Prateek Kuhad; PINEAL Ventures
Sona,jd70q78r6g3mhjp6341ry58pa17za7gw,Angel,2019-05-01,250000,PINEAL Ventures
MYndspan,jd79dz673t7tkme6yydq5day8x7zbj9h,Equity Crowdfunding,2025-05-08,348749,
MYndspan,jd79dz673t7tkme6yydq5day8x7zbj9h,Corporate Round,2025-04-10,,Emotiv
MYndspan,jd79dz673t7tkme6yydq5day8x7zbj9h,Venture Round,2021-09-01,,
MYndspan,jd79dz673t7tkme6yydq5day8x7zbj9h,Venture Round,2021-01-01,,
Neurosigma,jd71rxs2ftp3akmsnprpnervzh7zbemr,Venture Round,2025-12-15,1000000,Checkmate Capital
Neurosigma,jd71rxs2ftp3akmsnprpnervzh7zbemr,Corporate Round,2021-12-08,5000000,KT Corp
Neurosigma,jd71rxs2ftp3akmsnprpnervzh7zbemr,Convertible Note,2016-08-31,11653514,
Neurosigma,jd71rxs2ftp3akmsnprpnervzh7zbemr,Debt Financing,2011-03-10,1210000,
Neurosigma,jd71rxs2ftp3akmsnprpnervzh7zbemr,Venture Round,2011-02-15,500000,
Surf Therapeutics,jd7c462xrtpj03q92atqkkgn2h7za7fb,Grant,2024-04-30,1600000,Bill & Melinda Gates Foundation
Surf Therapeutics,jd7c462xrtpj03q92atqkkgn2h7za7fb,Seed,2022-04-12,16000000,Breakout Ventures; Perceptive Advisors
ClearPoint Neuro,jd7f5aa3e42k6ntqnxstx50hwh7zbczc,Post-IPO Debt,2025-11-20,20000000,Oberland Capital
ClearPoint Neuro,jd7f5aa3e42k6ntqnxstx50hwh7zbczc,Post-IPO Equity,2025-05-12,3500003,Oberland Capital
ClearPoint Neuro,jd7f5aa3e42k6ntqnxstx50hwh7zbczc,Post-IPO Debt,2025-05-12,30000000,Oberland Capital
ClearPoint Neuro,jd7f5aa3e42k6ntqnxstx50hwh7zbczc,Post-IPO Equity,2024-02-29,15000011,
ClearPoint Neuro,jd7f5aa3e42k6ntqnxstx50hwh7zbczc,Post-IPO Equity,2021-02-23,46800000,
ClearPoint Neuro,jd7f5aa3e42k6ntqnxstx50hwh7zbczc,Post-IPO Equity,2020-12-29,7500000,Petrichor Healthcare Capital Management
ClearPoint Neuro,jd7f5aa3e42k6ntqnxstx50hwh7zbczc,Post-IPO Equity,2020-01-13,17500000,
ClearPoint Neuro,jd7f5aa3e42k6ntqnxstx50hwh7zbczc,Post-IPO Equity,2017-05-25,13250000,
ClearPoint Neuro,jd7f5aa3e42k6ntqnxstx50hwh7zbczc,Post-IPO Debt,2016-08-31,1750000,
ClearPoint Neuro,jd7f5aa3e42k6ntqnxstx50hwh7zbczc,Post-IPO Equity,2016-08-31,4250000,
Pulsetto,jd773exrte763bs0wmr7rc3srh7zb61c,Seed,2025-02-21,2092900,ScaleWolf
Pulsetto,jd773exrte763bs0wmr7rc3srh7zb61c,Seed,2025-02-17,419420,
Pulsetto,jd773exrte763bs0wmr7rc3srh7zb61c,Pre-Seed,2022-04-28,525183,Kilo Health
Pulsetto,jd773exrte763bs0wmr7rc3srh7zb61c,Pre-Seed,2021-01-01,60777,Kilo Health
Attune Neurosciences,jd75d42mk8m7v8p51e3q70592x7zajqn,Seed,2025-02-21,,One Mind Accelerator
Attune Neurosciences,jd75d42mk8m7v8p51e3q70592x7zajqn,Seed,2021-04-15,3750000,
LivaNova PLC,jd7bjwqstrecbz40np7jm00dq17zb9ws,Post-IPO Debt,2024-03-05,300000000,
Samphire Neuroscience,jd784951a85s1rx29q8s98a2r57zad4p,Seed,2025-06-03,5000000,Inventure
Samphire Neuroscience,jd784951a85s1rx29q8s98a2r57zad4p,Seed,2024-12-18,,
Samphire Neuroscience,jd784951a85s1rx29q8s98a2r57zad4p,Pre-Seed,2024-02-21,2300000,
Samphire Neuroscience,jd784951a85s1rx29q8s98a2r57zad4p,Venture Round,2023-06-20,,PharmStars
Samphire Neuroscience,jd784951a85s1rx29q8s98a2r57zad4p,Convertible Note,2023-05-25,,
Samphire Neuroscience,jd784951a85s1rx29q8s98a2r57zad4p,Pre-Seed,2022-08-24,,
Samphire Neuroscience,jd784951a85s1rx29q8s98a2r57zad4p,Pre-Seed,2021-12-17,,
Newronika,jd7689rpqe96xf0xhdr95vn1px7zabb5,Series B,2025-02-13,14227936,ENEA Tech e Biomedical
Newronika,jd7689rpqe96xf0xhdr95vn1px7zabb5,Grant,2022-12-19,2653100,European Innovation Council
Newronika,jd7689rpqe96xf0xhdr95vn1px7zabb5,Series A,2019-09-25,9199138,Omnes Capital
Newronika,jd7689rpqe96xf0xhdr95vn1px7zabb5,Venture Round,2016-06-14,1905424,Barbara Castellano; Innogest Capital
Newronika,jd7689rpqe96xf0xhdr95vn1px7zabb5,Seed,2016-03-01,,
EpiWatch®,jd77215c17pna2yfn7106jzcxh7zbz2b,Seed,2022-03-16,415000,
Epitel,jd77d5ceckm5xdvkdrs71k4kw57zbrky,Series A,2022-02-16,12500000,Catalyst Health Ventures; Genoa Ventures
Epitel,jd77d5ceckm5xdvkdrs71k4kw57zbrky,Venture Round,2019-10-29,100000,
Epitel,jd77d5ceckm5xdvkdrs71k4kw57zbrky,Grant,2016-08-20,2800000,National Institutes of Health
Epitel,jd77d5ceckm5xdvkdrs71k4kw57zbrky,Grant,2014-07-01,5000000,National Institutes of Health
Epiminder,jd76dd730a5he5wmjvs3a818dn7zbrsn,IPO,2025-12-01,81771230,
IDUN Technologies,jd7e0wdf2s23gs1mpws9844yj57za2y3,Seed,2021-09-02,2186885,Mica Ventures; WieInvest
IDUN Technologies,jd7e0wdf2s23gs1mpws9844yj57za2y3,Convertible Note,2020-06-04,1464994,
IDUN Technologies,jd7e0wdf2s23gs1mpws9844yj57za2y3,Pre-Seed,2018-05-11,649457,
IDUN Technologies,jd7e0wdf2s23gs1mpws9844yj57za2y3,Grant,2018-03-07,137797,Venture Kick
IDUN Technologies,jd7e0wdf2s23gs1mpws9844yj57za2y3,Grant,2017-08-23,20727,Venture Kick
IDUN Technologies,jd7e0wdf2s23gs1mpws9844yj57za2y3,Grant,2017-05-16,10158,Venture Kick
Inner Cosmos,jd75xsmd51x67d4wp5xme9hm3d7zacrt,Seed,2024-11-20,1865000,
Inner Cosmos,jd75xsmd51x67d4wp5xme9hm3d7zacrt,Seed,2023-10-25,,
Inner Cosmos,jd75xsmd51x67d4wp5xme9hm3d7zacrt,Seed,2022-03-30,10000000,KittyHawk; lool ventures
Inner Cosmos,jd75xsmd51x67d4wp5xme9hm3d7zacrt,Pre Seed,2020-07-30,,lool ventures
"Firefly Neuroscience, Inc.",jd7as1kd7wkf6ecjz8dwecx9zs7zb7a3,Post-IPO Equity,2026-03-08,2250000,
"Firefly Neuroscience, Inc.",jd7as1kd7wkf6ecjz8dwecx9zs7zb7a3,Post-IPO Equity,2025-03-21,8800000,
"Firefly Neuroscience, Inc.",jd7as1kd7wkf6ecjz8dwecx9zs7zb7a3,Post-IPO Debt,2024-01-01,,
"Firefly Neuroscience, Inc.",jd7as1kd7wkf6ecjz8dwecx9zs7zb7a3,Seed,2023-01-01,,WISE Ventures
"Firefly Neuroscience, Inc.",jd7as1kd7wkf6ecjz8dwecx9zs7zb7a3,Seed,2022-01-01,,
Elemind,jd752d8hqk8bmn1e7sqmgt8sth7zbkzp,Seed,2024-02-06,12000000,Embark Ventures; LDV Partners; Village Global; Wharton Angel Network; E14 Fund
Elemind,jd752d8hqk8bmn1e7sqmgt8sth7zbkzp,Seed,2021-01-01,,Evolution VC Partners
Neurovalens,jd7akshxj58qw7xr3favmzg7rn7za750,Venture Round,2025-08-19,6742461,Clarendon Fund Managers
Neurovalens,jd7akshxj58qw7xr3favmzg7rn7za750,Debt Financing,2025-08-19,1348492,Whiterock Finance
Neurovalens,jd7akshxj58qw7xr3favmzg7rn7za750,Venture Round,2024-04-08,2658076,
Neurovalens,jd7akshxj58qw7xr3favmzg7rn7za750,Non Equity Assistance,2022-06-07,,MedTech Innovator
Neurovalens,jd7akshxj58qw7xr3favmzg7rn7za750,Grant,2021-12-02,299243,Invest Northern Ireland
Neurovalens,jd7akshxj58qw7xr3favmzg7rn7za750,Series A,2020-07-20,6457012,IQ Capital
Neurovalens,jd7akshxj58qw7xr3favmzg7rn7za750,Venture Round,2019-10-15,750000,
Neurovalens,jd7akshxj58qw7xr3favmzg7rn7za750,Series A,2019-03-14,6098216,Wharton Asset Management Company Limited
Neurovalens,jd7akshxj58qw7xr3favmzg7rn7za750,Equity Crowdfunding,2017-10-17,1600000,
Neurovalens,jd7akshxj58qw7xr3favmzg7rn7za750,Seed,2017-07-19,1433346,
Esper,jd76ddj3nkr1ar6ng48vkkfz0d7zb166,Series Unknown,2024-06-28,5000000,YZR Capital
Esper,jd76ddj3nkr1ar6ng48vkkfz0d7zb166,Grant,2024-05-15,150000,United States Agency for International Development
Esper,jd76ddj3nkr1ar6ng48vkkfz0d7zb166,Seed,2020-09-30,50000,Ukrainian Startup Fund
Esper,jd76ddj3nkr1ar6ng48vkkfz0d7zb166,Seed,2020-09-07,,SMRK VC Fund
Esper,jd76ddj3nkr1ar6ng48vkkfz0d7zb166,Seed,2021-10-05,,
Ampa,jd73xbbk5cephe371g9w5x1r157zat36,Seed,2025-10-22,8500000,Nexus NeuroTech
Ampa,jd73xbbk5cephe371g9w5x1r157zat36,Seed,2025-02-21,,One Mind Accelerator
NeuroPace,jd7dmcms6rq88j34t9zmhh09z57zbfc5,Post-IPO Debt,2025-06-04,75000000,MidCap Financial
NeuroPace,jd7dmcms6rq88j34t9zmhh09z57zbfc5,Post-IPO Equity,2025-02-14,74800000,
NeuroPace,jd7dmcms6rq88j34t9zmhh09z57zbfc5,IPO,2021-04-21,102000000,
NeuroPace,jd7dmcms6rq88j34t9zmhh09z57zbfc5,Grant,2021-06-30,9300000,National Institutes of Health
NeuroPace,jd7dmcms6rq88j34t9zmhh09z57zbfc5,Venture Round,2020-08-31,33000000,Accelmed
NeuroPace,jd7dmcms6rq88j34t9zmhh09z57zbfc5,Convertible Note,2020-08-31,34000000,
NeuroPace,jd7dmcms6rq88j34t9zmhh09z57zbfc5,Debt Financing,2020-01-01,60000000,
NeuroPace,jd7dmcms6rq88j34t9zmhh09z57zbfc5,Venture Round,2017-10-24,74000000,KCK
NeuroPace,jd7dmcms6rq88j34t9zmhh09z57zbfc5,Venture Round,2013-07-09,18000000,Johnson & Johnson Development Corporation
NeuroPace,jd7dmcms6rq88j34t9zmhh09z57zbfc5,Venture Round,2011-08-31,49000000,
NeuroPace,jd7dmcms6rq88j34t9zmhh09z57zbfc5,Venture Round,2005-01-01,30000000,
Neo-Bionica,jd74g4xey6x0tc2c1a58s683517zahh7,Grant,2025-07-30,161145,Business.gov.au
Neo-Bionica,jd74g4xey6x0tc2c1a58s683517zahh7,Seed,2024-05-16,5000000,Breakthrough Victoria
Resonant Link Medical,jd79bcp3wwg61x1c72573qdy0x7zb2vr,Venture Round,2025-11-05,,Features Capital
Resonant Link Medical,jd79bcp3wwg61x1c72573qdy0x7zb2vr,Grant,2024-07-01,,
"Sevaro Health, Inc",jd7afxh6nx20av3y557fsk0zs17zbw0q,Series B,2025-09-18,39000000,Valtruis
"Sevaro Health, Inc",jd7afxh6nx20av3y557fsk0zs17zbw0q,Series A,2023-02-13,1100000,
"Sevaro Health, Inc",jd7afxh6nx20av3y557fsk0zs17zbw0q,Seed,2020-03-01,,APA Venture Partners
Nexstim,jd79g59g4wa3ck5eygx9282b457zbe4g,Post-IPO Debt,2024-06-27,1606140,Finnvera Venture Capital
Nexstim,jd79g59g4wa3ck5eygx9282b457zbe4g,Post-IPO Equity,2018-06-18,1116466,Capricorn Partners
Nexstim,jd79g59g4wa3ck5eygx9282b457zbe4g,Post-IPO Equity,2017-10-25,2068313,
Nexstim,jd79g59g4wa3ck5eygx9282b457zbe4g,Post-IPO Equity,2014-12-21,3748304,
Nexstim,jd79g59g4wa3ck5eygx9282b457zbe4g,Venture Round,2011-05-11,2849551,Capricorn Partners
Nexstim,jd79g59g4wa3ck5eygx9282b457zbe4g,Venture Round,2011-01-26,15058921,Lundbeckfonden Ventures
Nexstim,jd79g59g4wa3ck5eygx9282b457zbe4g,Venture Round,2007-09-06,10949110,HealthCap
Muse by Interaxon,jd7f8axd3aj0hhkj8zr8v2qgjs7zbgxm,Series C,2022-08-11,9500000,Alabaster; BDC Capital Corporation; Export Development Canada
Muse by Interaxon,jd7f8axd3aj0hhkj8zr8v2qgjs7zbgxm,Venture - Series Unknown,2018-02-13,1349919,
Muse by Interaxon,jd7f8axd3aj0hhkj8zr8v2qgjs7zbgxm,Series B,2017-11-07,11600000,Export Development Canada; Global Forward Capital; OMERS Ventures
Muse by Interaxon,jd7f8axd3aj0hhkj8zr8v2qgjs7zbgxm,Series B,2015-05-07,10000000,OMERS Ventures
Muse by Interaxon,jd7f8axd3aj0hhkj8zr8v2qgjs7zbgxm,Series A,2013-08-15,6000000,
Muse by Interaxon,jd7f8axd3aj0hhkj8zr8v2qgjs7zbgxm,Product Crowdfunding,2012-12-01,300000,
Muse by Interaxon,jd7f8axd3aj0hhkj8zr8v2qgjs7zbgxm,Seed,2012-03-19,1200000,
eNeura,jd7a5gajz62rj1j80vvbsyb8sn7za5e0,Debt Financing,2019-11-04,5909105,
eNeura,jd7a5gajz62rj1j80vvbsyb8sn7za5e0,Series D,2018-02-06,17000000,Camden Partners
eNeura,jd7a5gajz62rj1j80vvbsyb8sn7za5e0,Venture Round,2016-03-10,6386421,
eNeura,jd7a5gajz62rj1j80vvbsyb8sn7za5e0,Debt Financing,2015-03-12,15000000,
eNeura,jd7a5gajz62rj1j80vvbsyb8sn7za5e0,Venture Round,2014-09-05,5800000,
NeuroStar,jd73xeqc9khq59hj1pvzpph80s7zbj98,Series C,2015-05-01,34300000,
NeuroStar,jd73xeqc9khq59hj1pvzpph80s7zbj98,Series G,2017-06-01,15000000,
NeuroStar,jd73xeqc9khq59hj1pvzpph80s7zbj98,Conventional Debt,2020-03-01,,
Sinapticatx,jd77aw7krfv6ksxmcb4g20qth17zatnc,Grant,2025-11-28,,Center of Aging and Brain Health Innovation
Sinapticatx,jd77aw7krfv6ksxmcb4g20qth17zatnc,Convertible Note,2025-06-03,,
Sinapticatx,jd77aw7krfv6ksxmcb4g20qth17zatnc,Pre Seed,2023-06-01,,
EMOTIV,jd78payqyrnq8t3w74p4ekj4zs7zasse,Pre-Seed,2015-07-06,120000,Disney Accelerator
BrainBit,jd7f7prkc6skn74dnf13h89h3h7za41n,Convertible Note,2024-02-25,,
Kernel,jd7f3hme82jfxmm7332q0717dh7zb8c1,Venture Round,2023-12-01,5246256,
Kernel,jd7f3hme82jfxmm7332q0717dh7zb8c1,Series C,2020-07-09,53000000,General Catalyst
Kernel,jd7f3hme82jfxmm7332q0717dh7zb8c1,Venture Round,2016-10-20,100000000,Bryan Johnson
Rune Labs,jd7cdrmb97mhp23h79xzbkwh357zagf7,Venture Round,2025-06-30,11215482,
Rune Labs,jd7cdrmb97mhp23h79xzbkwh357zagf7,Venture Round,2024-01-11,12000000,Nexus NeuroTech
Rune Labs,jd7cdrmb97mhp23h79xzbkwh357zagf7,Series A,2021-09-16,22800000,Eclipse Ventures
Rune Labs,jd7cdrmb97mhp23h79xzbkwh357zagf7,Seed,2020-10-26,5000000,DigiTx Partners
Rune Labs,jd7cdrmb97mhp23h79xzbkwh357zagf7,Seed,2019-09-03,1455000,
Wearable Devices,jd7cnmatedse3z44tpcskwztsx7za8xs,Grant,2025-12-11,750000,Israel Innovation Authority
Wearable Devices,jd7cnmatedse3z44tpcskwztsx7za8xs,Post-IPO Equity,2025-10-30,3300000,
Wearable Devices,jd7cnmatedse3z44tpcskwztsx7za8xs,Post-IPO Equity,2025-09-11,4000000,
Wearable Devices,jd7cnmatedse3z44tpcskwztsx7za8xs,Post-IPO Equity,2025-01-28,2500000,
Wearable Devices,jd7cnmatedse3z44tpcskwztsx7za8xs,Post-IPO Equity,2024-11-26,1850000,
Wearable Devices,jd7cnmatedse3z44tpcskwztsx7za8xs,Post-IPO Equity,2024-06-06,10000000,Yorkville Advisors
Wearable Devices,jd7cnmatedse3z44tpcskwztsx7za8xs,Post-IPO Equity,2023-11-13,2000000,
Wearable Devices,jd7cnmatedse3z44tpcskwztsx7za8xs,Convertible Note,2019-01-07,1500000,
Wearable Devices,jd7cnmatedse3z44tpcskwztsx7za8xs,Grant,2017-09-05,1500000,
Wearable Devices,jd7cnmatedse3z44tpcskwztsx7za8xs,Seed,2016-05-04,500000,Alumot VC
Inbrain-neuroelectronics,jd7fex48m7pd8jkkk8qnb2j7rh7zbt9w,Grant,2025-05-06,4500000,PERTE Chip
Inbrain-neuroelectronics,jd7fex48m7pd8jkkk8qnb2j7rh7zbt9w,Series B,2024-10-29,49771699,imec.xpand
Inbrain-neuroelectronics,jd7fex48m7pd8jkkk8qnb2j7rh7zbt9w,Debt Financing,2023-12-11,21530727,European Investment Bank
Inbrain-neuroelectronics,jd7fex48m7pd8jkkk8qnb2j7rh7zbt9w,Grant,2023-08-11,2739126,European Innovation Council
Inbrain-neuroelectronics,jd7fex48m7pd8jkkk8qnb2j7rh7zbt9w,Non Equity Assistance,2023-06-06,,MedTech Innovator
Inbrain-neuroelectronics,jd7fex48m7pd8jkkk8qnb2j7rh7zbt9w,Grant,2022-12-19,2653100,European Innovation Council
Inbrain-neuroelectronics,jd7fex48m7pd8jkkk8qnb2j7rh7zbt9w,Venture Round,2022-12-19,15918599,European Innovation Council
Inbrain-neuroelectronics,jd7fex48m7pd8jkkk8qnb2j7rh7zbt9w,Grant,2021-05-27,1219292,
Inbrain-neuroelectronics,jd7fex48m7pd8jkkk8qnb2j7rh7zbt9w,Series A,2021-03-26,19814288,Alta Life Sciences; Asabys Partners
Inbrain-neuroelectronics,jd7fex48m7pd8jkkk8qnb2j7rh7zbt9w,Seed,2021-01-28,121200,BStartup
Neuralight,jd755v0r194hnmrarjfq6fqfds7zadk6,Seed,2022-05-24,25000000,
Neuralight,jd755v0r194hnmrarjfq6fqfds7zadk6,Seed,2021-10-28,5500000,MS&AD Ventures
Biotronik Neuro,jd71d4e7x6e5jppq4tfmbm55yh7za5ca,Grant,2022-09-07,240000,"National Heart, Lung and Blood Institute"
Biotronik Neuro,jd71d4e7x6e5jppq4tfmbm55yh7za5ca,Post-IPO Debt,2021-12-27,12000000,SWK Funding
Biotronik Neuro,jd71d4e7x6e5jppq4tfmbm55yh7za5ca,Convertible Note,2021-01-20,9500000,
Biotronik Neuro,jd71d4e7x6e5jppq4tfmbm55yh7za5ca,Post-IPO Equity,2019-12-31,6000000,
Biotronik Neuro,jd71d4e7x6e5jppq4tfmbm55yh7za5ca,Post-IPO Equity,2017-12-22,2500000,
Biotronik Neuro,jd71d4e7x6e5jppq4tfmbm55yh7za5ca,Post-IPO Debt,2016-08-05,1150000,
Neuronic,jd7e40p4ymjy5zejnrktqgm21h7zat5d,Grant,2024-07-31,126360,European Commission
Syntropic Medical,jd7an1bj8mm5kxxp42tvw8w0h17zbxxc,Venture Round,2025-12-04,,better ventures
Syntropic Medical,jd7an1bj8mm5kxxp42tvw8w0h17zbxxc,Seed,2025-03-01,524104,
Syntropic Medical,jd7an1bj8mm5kxxp42tvw8w0h17zbxxc,Debt Financing,2024-11-28,40000000,
Syntropic Medical,jd7an1bj8mm5kxxp42tvw8w0h17zbxxc,Grant,2024-07-22,871122,The Austrian Research Promotion Agency (FFG)
Syntropic Medical,jd7an1bj8mm5kxxp42tvw8w0h17zbxxc,Pre-Seed,2024-04-04,1192023,austria Wirtschaftsservice (aws); XISTA Science Ventures
Merge Labs,jd7abefts44taa70f5je9rbvtn7zbvny,Pre Seed,2025-11-04,252000000,SGH CAPITAL
"Brain Technologies, Inc.",jd7efspjr4gknve63029mmdd417zasxd,Venture - Series Unknown,2021-07-28,,
Neuspera Medical,jd73fepnya0z3mb0hccdxxf74x7za12w,Series D,2024-07-15,23000000,Vertex Ventures HC; Treo Ventures
Neuspera Medical,jd73fepnya0z3mb0hccdxxf74x7za12w,Non Equity Assistance,2024-05-29,,
Neuspera Medical,jd73fepnya0z3mb0hccdxxf74x7za12w,Series C,2021-07-20,65000000,Vertex Ventures HC; Treo Ventures
Neuspera Medical,jd73fepnya0z3mb0hccdxxf74x7za12w,Series B,2019-02-20,12000000,
Neuspera Medical,jd73fepnya0z3mb0hccdxxf74x7za12w,Series B,2018-01-24,26000000,6 Dimensions Capital
Neuspera Medical,jd73fepnya0z3mb0hccdxxf74x7za12w,Venture - Series Unknown,2016-06-13,8888888,
BlueWind Medical,jd7axvanyv4fq19p4jkg07rks97zam1n,Series B,,,ConvaTec
BlueWind Medical,jd7axvanyv4fq19p4jkg07rks97zam1n,Debt Financing,,,
Valencia Technologies,jd71xka1c8zdj3p7tr7jvbqz4x7zb1a6,Venture Round,2025-02-20,35000000,Blackbrook Management Group
Valencia Technologies,jd71xka1c8zdj3p7tr7jvbqz4x7zb1a6,Venture Round,2019-11-06,4155000,
Valencia Technologies,jd71xka1c8zdj3p7tr7jvbqz4x7zb1a6,Venture Round,2017-12-26,1920000,
Valencia Technologies,jd71xka1c8zdj3p7tr7jvbqz4x7zb1a6,Venture Round,2015-03-02,2216506,
Valencia Technologies,jd71xka1c8zdj3p7tr7jvbqz4x7zb1a6,Venture Round,2014-01-21,2660000,
Saludamedical,jd735p19kt7bxe9z78vva9vf7s7zad1e,Undisclosed,2025-11-12,29999995,
Saludamedical,jd735p19kt7bxe9z78vva9vf7s7zad1e,Venture Round,2025-01-10,100000000,Redmile Group
Saludamedical,jd735p19kt7bxe9z78vva9vf7s7zad1e,Venture Round,2023-04-13,150000000,Wellington Management
Saludamedical,jd735p19kt7bxe9z78vva9vf7s7zad1e,Venture Round,2022-03-02,125000000,Redmile Group
Saludamedical,jd735p19kt7bxe9z78vva9vf7s7zad1e,Venture Round,2019-06-28,75000000,Boston Scientific; Redmile Group
Saludamedical,jd735p19kt7bxe9z78vva9vf7s7zad1e,Debt Financing,2019-06-27,,Medtronic
Saludamedical,jd735p19kt7bxe9z78vva9vf7s7zad1e,Series D,2017-05-30,39528197,Action Potential Venture Capital
Saludamedical,jd735p19kt7bxe9z78vva9vf7s7zad1e,Series B,2015-02-20,10000000,BioScience Managers Limited
Nalu Medical,jd7fr0dwkvqe87vnjt01agzfmn7zbs13,Venture Round,2025-09-16,50000000,Trinity Capital
Nalu Medical,jd7fr0dwkvqe87vnjt01agzfmn7zbs13,Series E,2024-01-03,85000000,Novo Holdings
Nalu Medical,jd7fr0dwkvqe87vnjt01agzfmn7zbs13,Venture Round,2022-02-17,104000000,Gilde Healthcare; MVM Life Science Partners
Nalu Medical,jd7fr0dwkvqe87vnjt01agzfmn7zbs13,Venture Round,2015-07-10,11915367,
SPR Pain Relief,jd7ctbzn6jdwpa8wfkwfpedm0x7zap6h,Debt Financing,2024-02-01,60000000,SLR Capital Partners
SPR Pain Relief,jd7ctbzn6jdwpa8wfkwfpedm0x7zap6h,Series D,2024-02-01,25000000,Revelation Partners
SPR Pain Relief,jd7ctbzn6jdwpa8wfkwfpedm0x7zap6h,Series D,2021-10-18,37000000,Revelation Partners
SPR Pain Relief,jd7ctbzn6jdwpa8wfkwfpedm0x7zap6h,Series C,2019-01-31,8000000,
SPR Pain Relief,jd7ctbzn6jdwpa8wfkwfpedm0x7zap6h,Grant,2018-10-03,10000000,U.S. Department of Defense
SPR Pain Relief,jd7ctbzn6jdwpa8wfkwfpedm0x7zap6h,Series C,2017-09-12,25000000,Frontcourt Ventures
SPR Pain Relief,jd7ctbzn6jdwpa8wfkwfpedm0x7zap6h,Debt Financing,2016-02-02,1925411,
SPR Pain Relief,jd7ctbzn6jdwpa8wfkwfpedm0x7zap6h,Grant,2015-08-27,1600000,
SPR Pain Relief,jd7ctbzn6jdwpa8wfkwfpedm0x7zap6h,Series B,2015-01-01,5000000,
SPR Pain Relief,jd7ctbzn6jdwpa8wfkwfpedm0x7zap6h,Debt Financing,2014-06-11,3931699,
"Nervonik, Inc.",jd7a7m9saen05d5fz0qp4m83957zapq9,Series A,2025-03-04,13000000,U.S. Venture Partners
Cadenceneuro,jd7fncsc4qevw2m6nd8nx9ggd17zbhmp,Series B,2023-02-28,26029994,Angelini Lumira Biosciences Fund
Cadenceneuro,jd7fncsc4qevw2m6nd8nx9ggd17zbhmp,Series A,2019-10-11,15000000,Jazz Venture Partners
Cadenceneuro,jd7fncsc4qevw2m6nd8nx9ggd17zbhmp,Grant,2019-10-11,,Epilepsy
Motif Neurotech,jd79vtx1xw3pdr9sbxes1dn1wn7zak62,Series A,2024-01-24,18750000,Arboretum Ventures
Motif Neurotech,jd79vtx1xw3pdr9sbxes1dn1wn7zak62,Seed,2023-02-28,2000000,Interface Fund; Rex Zhang
Motif Neurotech,jd79vtx1xw3pdr9sbxes1dn1wn7zak62,Seed,2022-05-01,,
Empatica,jd7f0jc425hw26q96n2dqh7qdx7zb61t,Series B,2022-08-02,25949980,RA Capital Management; Sanofi Ventures
Empatica,jd7f0jc425hw26q96n2dqh7qdx7zb61t,Series A,2020-03-25,1890000,Northern Star Partners
Empatica,jd7f0jc425hw26q96n2dqh7qdx7zb61t,Venture Round,2017-04-01,,
Empatica,jd7f0jc425hw26q96n2dqh7qdx7zb61t,Series A,2016-12-01,5000000,Innogest Capital
Empatica,jd7f0jc425hw26q96n2dqh7qdx7zb61t,Product Crowdfunding,2015-03-15,780000,
Empatica,jd7f0jc425hw26q96n2dqh7qdx7zb61t,Seed,2014-07-15,2000000,
NextSense,jd72rppc8yebgn61qw5mtmh5g17zadfa,Series A,2025-10-06,5854698,
Senso.ai,jd7dyzkba1vyadgyzqt6xfvbgs7zbz09,Seed,2024-02-27,500000,Y Combinator
Senso.ai,jd7dyzkba1vyadgyzqt6xfvbgs7zbz09,Seed,2020-07-09,2945239,BreakawayGrowth Fund; Mendoza Ventures
Senso.ai,jd7dyzkba1vyadgyzqt6xfvbgs7zbz09,Seed,2019-05-21,1119073,BreakawayGrowth Fund
Senso.ai,jd7dyzkba1vyadgyzqt6xfvbgs7zbz09,Seed,2018-10-01,780000,
Senso.ai,jd7dyzkba1vyadgyzqt6xfvbgs7zbz09,Convertible Note,2018-02-02,100000,Techstars Toronto Accelerator
Senso.ai,jd7dyzkba1vyadgyzqt6xfvbgs7zbz09,Pre Seed,2018-01-22,20000,
Senso.ai,jd7dyzkba1vyadgyzqt6xfvbgs7zbz09,Pre Seed,2017-01-01,,
Neurable,jd7d66vc0emhxj32c6hp83atad7zb5et,Series A,2025-12-19,35000000,Spectrum Value Management
Neurable,jd7d66vc0emhxj32c6hp83atad7zb5et,Series A,2025-05-30,,
Neurable,jd7d66vc0emhxj32c6hp83atad7zb5et,Venture Round,2024-05-07,13000000,
Neurable,jd7d66vc0emhxj32c6hp83atad7zb5et,Series A,2023-04-24,500000,
Neurable,jd7d66vc0emhxj32c6hp83atad7zb5et,Convertible Note,2023-03-06,,
Neurable,jd7d66vc0emhxj32c6hp83atad7zb5et,Venture Round,2021-04-01,,
Neurable,jd7d66vc0emhxj32c6hp83atad7zb5et,Series A,2020-06-12,,
Neurable,jd7d66vc0emhxj32c6hp83atad7zb5et,Series A,2019-12-18,6000000,M Ventures
Neurable,jd7d66vc0emhxj32c6hp83atad7zb5et,Series A,2019-03-26,1031628,
Neurable,jd7d66vc0emhxj32c6hp83atad7zb5et,Series A,2018-06-27,,
Omniscient Neurotechnology,jd73650xmbvdqeddamyjrrs5dx7za5xe,Series D,2026-01-16,13366000,National Reconstruction Fund Corporation; OIF Ventures
Omniscient Neurotechnology,jd73650xmbvdqeddamyjrrs5dx7za5xe,Series C,2024-06-11,60000000,
Omniscient Neurotechnology,jd73650xmbvdqeddamyjrrs5dx7za5xe,Series B,2021-07-14,29922158,Will Vicars
Omniscient Neurotechnology,jd73650xmbvdqeddamyjrrs5dx7za5xe,Series A,2020-01-04,13898898,Will Vicars
Spiro-medical,jd7f8z4z3bq4q5pkgb3278r3vn7zbqk5,Series A,2026-01-07,67000000,Andera Partners
Inspiresleep,jd79vhsy9yjty9yfjyzepahx117za3tf,Post-IPO Equity,2020-04-13,133400000,Guggenheim Securities; SVB Securities
Inspiresleep,jd79vhsy9yjty9yfjyzepahx117za3tf,Post-IPO Equity,2018-12-18,75000000,
Inspiresleep,jd79vhsy9yjty9yfjyzepahx117za3tf,Series F,2016-11-18,38000000,Amzak Capital Management
Inspiresleep,jd79vhsy9yjty9yfjyzepahx117za3tf,Series E,2014-05-15,40000000,OrbiMed
Inspiresleep,jd79vhsy9yjty9yfjyzepahx117za3tf,Series D,2013-08-30,1500000,
Inspiresleep,jd79vhsy9yjty9yfjyzepahx117za3tf,Series C,2012-05-11,14500000,Medtronic
Inspiresleep,jd79vhsy9yjty9yfjyzepahx117za3tf,Series B,2009-06-29,17000000,Synergy Life Science Partner
Mainstay Medical,jd7frz01nzznt2z6y5d69f5ggd7zae6e,Post-IPO Equity,2024-02-26,125000000,Gilde Healthcare; Viking Global Investors; Ally Bridge Group; Sofinnova Partners; Fountain Healthcare Partners; Perceptive Advisors
CoMind,jd726njpzeggxhery3ykwvqjwn7zbaxg,Series A,2025-10-20,60000000,Plural Platform
CoMind,jd726njpzeggxhery3ykwvqjwn7zbaxg,Series A,2023-01-01,27000000,Angelini Ventures; Octopus Ventures
Beacon Biosignals,jd7cb2r0zsxpnv1ztfgckhp4ad7zbq48,Series B,,86000000,Alumni Ventures; Catalio Capital Management; Google Ventures; Innoviva; Nexus NeuroTech; S32; Takeda
Beacon Biosignals,jd7cb2r0zsxpnv1ztfgckhp4ad7zbq48,Series A,,,General Catalyst
Beacon Biosignals,jd7cb2r0zsxpnv1ztfgckhp4ad7zbq48,Seed,,,
Neuraworx,jd75fxvg2b4se21vwt9akgz8nx7za4zp,Seed,2025-12-18,5500000,Nexus NeuroTech
OpenBCI,jd71b2erepq5k0rx73wvpdb6qn7zbyrp,Undisclosed,2024-08-28,200000,
OpenBCI,jd71b2erepq5k0rx73wvpdb6qn7zbyrp,Venture,2021-12-15,,BITKRAFT Ventures
Subsense,jd7f4xzfxcnwh147q6pw630x697xdjzg,Seed,2025-03-18,17000000,Golden Falcon Capital
Subsense,jd7f4xzfxcnwh147q6pw630x697xdjzg,Seed,2025-12-11,10000000,Golden Falcon Capital
Precision,jd7bw35ywkhg7eyb0v2rv0v7ch7xd17j,Venture Round,2025-11-05,,SCI Ventures
Precision,jd7bw35ywkhg7eyb0v2rv0v7ch7xd17j,Series C,,,General Equity Holdings
Precision,jd7bw35ywkhg7eyb0v2rv0v7ch7xd17j,Series B,,,Forepont Capital Partners
Precision,jd7bw35ywkhg7eyb0v2rv0v7ch7xd17j,Series A,,,B Capital; Steadview Capital
icometrix,jd7a2q7g0devkjxr2fn34mv3217xd17d,Venture Round,2016-01-01,,
icometrix,jd7a2q7g0devkjxr2fn34mv3217xd17d,Venture Round,2019-01-01,,
icometrix,jd7a2q7g0devkjxr2fn34mv3217xd17d,Acquisition,2025-09-01,,GE HealthCare
Insightec Ltd.,jd7772pwm2sndaskhebd2e3bmh7xd7zx,Private Equity,,,Ally Bridge Group; Fidelity; Nexus NeuroTech
Insightec Ltd.,jd7772pwm2sndaskhebd2e3bmh7xd7zx,Venture Round,,,
Insightec Ltd.,jd7772pwm2sndaskhebd2e3bmh7xd7zx,Debt Financing,,,
Insightec Ltd.,jd7772pwm2sndaskhebd2e3bmh7xd7zx,Series F,,,
Insightec Ltd.,jd7772pwm2sndaskhebd2e3bmh7xd7zx,Venture Round,,,
Insightec Ltd.,jd7772pwm2sndaskhebd2e3bmh7xd7zx,Corporate,,,NHS England
Insightec Ltd.,jd7772pwm2sndaskhebd2e3bmh7xd7zx,Series F,,,Koch Disruptive Technologies
Insightec Ltd.,jd7772pwm2sndaskhebd2e3bmh7xd7zx,Series E,,,Koch Disruptive Technologies
Insightec Ltd.,jd7772pwm2sndaskhebd2e3bmh7xd7zx,Series D,2022-06-30,50000000,
Insightec Ltd.,jd7772pwm2sndaskhebd2e3bmh7xd7zx,Series D,,,GE Healthcare
Science,jd73etecxg6gc1vczc944wsdfd7xckq9,Series C,2026-03-09,230000000,Khosla Ventures; Lightspeed Venture Partners
Science,jd73etecxg6gc1vczc944wsdfd7xckq9,Convertible Note,,,Khosla Ventures
Science,jd73etecxg6gc1vczc944wsdfd7xckq9,Venture Round,,,
Science,jd73etecxg6gc1vczc944wsdfd7xckq9,Seed,,,
Pixium Vision,jd7dz1zjcntby2rg36epx21b8x7xcbx1,Post-IPO Equity,2020-07-15,8334285,
Pixium Vision,jd7dz1zjcntby2rg36epx21b8x7xcbx1,Post-IPO Debt,2016-09-29,12342216,Kreos Capital
Pixium Vision,jd7dz1zjcntby2rg36epx21b8x7xcbx1,Series A,2013-11-25,20279369,Sofinnova Partners
Pixium Vision,jd7dz1zjcntby2rg36epx21b8x7xcbx1,Venture Round,2012-01-01,,
Brain Monitoring with Vistim Labs' In-Clinic Ceregram,jd77r92hmxhsbfvbeeqh0yyzdd7xddz6,Grant,2023-06-08,10000,Alberta Innovates
Brain Monitoring with Vistim Labs' In-Clinic Ceregram,jd77r92hmxhsbfvbeeqh0yyzdd7xddz6,Seed,2023-03-01,807000,GoAhead Ventures
Brain Monitoring with Vistim Labs' In-Clinic Ceregram,jd77r92hmxhsbfvbeeqh0yyzdd7xddz6,Venture Round,2022-07-12,,PharmStars
Sanmai Technologies,jd740h4149p496ndhv03b9n2zh7xdtvs,Series A,2025-06-23,12000000,Reid Hoffman
Flow Neuroscience,jd79ksv7znd4f9zmch25h8xxz57x4yr1,Venture Round,2026-02-09,,One Mind Accelerator
Flow Neuroscience,jd79ksv7znd4f9zmch25h8xxz57x4yr1,Convertible Note,2024-07-18,,
Flow Neuroscience,jd79ksv7znd4f9zmch25h8xxz57x4yr1,Non Equity Assistance,2023-06-06,,MedTech Innovator
Flow Neuroscience,jd79ksv7znd4f9zmch25h8xxz57x4yr1,Series A,2021-08-10,9963662,Khosla Ventures; Redstone.VC; SwissHealth Ventures; Zühlke Ventures AG
Flow Neuroscience,jd79ksv7znd4f9zmch25h8xxz57x4yr1,Convertible Note,2020-12-10,,
Flow Neuroscience,jd79ksv7znd4f9zmch25h8xxz57x4yr1,Seed,2019-07-23,1494220,Khosla Ventures
Flow Neuroscience,jd79ksv7znd4f9zmch25h8xxz57x4yr1,Seed,2018-01-25,1100000,Khosla Ventures; SOSV
Nyxoah,jd74cc38931xrthjgvcch9e1c97x2m14,Post Ipo Debt,,,
Nyxoah,jd74cc38931xrthjgvcch9e1c97x2m14,Post Ipo Equity,,,
Nyxoah,jd74cc38931xrthjgvcch9e1c97x2m14,Post Ipo Equity,,,
Nyxoah,jd74cc38931xrthjgvcch9e1c97x2m14,Post Ipo Debt,,,European Investment Bank
Nyxoah,jd74cc38931xrthjgvcch9e1c97x2m14,Post Ipo Equity,,,
Nyxoah,jd74cc38931xrthjgvcch9e1c97x2m14,Post Ipo Equity,,,
Nyxoah,jd74cc38931xrthjgvcch9e1c97x2m14,Post Ipo Equity,,,
Nyxoah,jd74cc38931xrthjgvcch9e1c97x2m14,Corporate Round,,,
Nyxoah,jd74cc38931xrthjgvcch9e1c97x2m14,Series C,,,Cochlear
Nyxoah,jd74cc38931xrthjgvcch9e1c97x2m14,Series B,,,Gilde Healthcare
Stealth BCI Company,jd7ac7fcyf01npdd7jzf4ewgcd7x27a0,Private Equity,,,GETTY
Cordance Medical,jd73cy8w5cjbmg45aektc4wwhd7x0wvr,Seed,,,Sonder Capital
Cordance Medical,jd73cy8w5cjbmg45aektc4wwhd7x0wvr,Seed,,,
Cordance Medical,jd73cy8w5cjbmg45aektc4wwhd7x0wvr,Seed,,,
Cordance Medical,jd73cy8w5cjbmg45aektc4wwhd7x0wvr,Grant,,,National Science Foundation
Cordance Medical,jd73cy8w5cjbmg45aektc4wwhd7x0wvr,Grant,,,National Science Foundation
Neurosoft-bio,jd7536ah6ddmxs2byecct3c9px7x1tsz,Seed,2025-09-16,,Plug and Play
Neurosoft-bio,jd7536ah6ddmxs2byecct3c9px7x1tsz,Seed,2024-09-06,,Kickfund
Neurosoft-bio,jd7536ah6ddmxs2byecct3c9px7x1tsz,Grant,2023-04-28,,Innosuisse
Neurosoft-bio,jd7536ah6ddmxs2byecct3c9px7x1tsz,Grant,2022-03-29,2738376,European Innovation Council
Neurosoft-bio,jd7536ah6ddmxs2byecct3c9px7x1tsz,Convertible Note,2021-12-17,108173,FONGIT Innovation Fund
Neurosoft-bio,jd7536ah6ddmxs2byecct3c9px7x1tsz,Seed,2021-01-28,168834,Venture Kick
Neurosoft-bio,jd7536ah6ddmxs2byecct3c9px7x1tsz,Non Equity Assistance,2020-10-21,,MassChallenge
Neurosoft-bio,jd7536ah6ddmxs2byecct3c9px7x1tsz,Grant,2020-06-02,155969,Venture
Neurosoft-bio,jd7536ah6ddmxs2byecct3c9px7x1tsz,Grant,2020-01-28,10278,
Sharper Sense,jd70bxkb4cb680qd9f6yt337cd7x1kcc,Pre Seed,2025-12-11,,Social Starts
Sharper Sense,jd70bxkb4cb680qd9f6yt337cd7x1kcc,Grant,2025-09-18,6900000,SOSV HAX; SOSV
Sharper Sense,jd70bxkb4cb680qd9f6yt337cd7x1kcc,Seed,2025-09-01,1500000,New York Ventures; Jumpspace Ventures; Band of Angels; SOSV; Gaingels; Blackwood Healthcare Breakthroughs; SOSV HAX; Kian Sandjideh
Sharper Sense,jd70bxkb4cb680qd9f6yt337cd7x1kcc,Pre Seed,2024-06-12,125000,Cornell Tech; Plug and Play
Sharper Sense,jd70bxkb4cb680qd9f6yt337cd7x1kcc,Pre Seed,2023-01-01,25000,
Sharper Sense,jd70bxkb4cb680qd9f6yt337cd7x1kcc,Grant,2022-12-01,25000,
Sharper Sense,jd70bxkb4cb680qd9f6yt337cd7x1kcc,Grant,2022-10-01,50000,
Sharper Sense,jd70bxkb4cb680qd9f6yt337cd7x1kcc,Pre Seed,2022-08-01,104000,
Sharper Sense,jd70bxkb4cb680qd9f6yt337cd7x1kcc,Grant,2022-05-12,20000,
Sharper Sense,jd70bxkb4cb680qd9f6yt337cd7x1kcc,Pre Seed,2021-08-01,425000,
Sharper Sense,jd70bxkb4cb680qd9f6yt337cd7x1kcc,Grant,2021-05-01,15000,
Sharper Sense,jd70bxkb4cb680qd9f6yt337cd7x1kcc,Pre Seed,2021-03-01,50000,
NeuroBionics,jd77kk6z3negzgypjj0awcecpd7x1e5r,Seed,2025-12-10,4249990,Future Ventures
NeuroBionics,jd77kk6z3negzgypjj0awcecpd7x1e5r,Grant,2025-04-14,,MassChallenge
NeuroBionics,jd77kk6z3negzgypjj0awcecpd7x1e5r,Seed,2025-01-16,5000000,Dolby Family Ventures
NeuroBionics,jd77kk6z3negzgypjj0awcecpd7x1e5r,Non Equity Assistance,2024-12-19,,Greentown Labs
NeuroBionics,jd77kk6z3negzgypjj0awcecpd7x1e5r,Non Equity Assistance,2024-05-29,,MedTech Innovator
NeuroBionics,jd77kk6z3negzgypjj0awcecpd7x1e5r,Pre Seed,2024-02-15,,SBXi
Somnairsleep,jd78t228354nm9k3dakaw9x5957x1xeg,Seed,2025-07-07,4322853,
Vonova,jd789f9yjsr170yq6175395gth7x1tfx,Pre Seed,2024-08-20,,SmartGateVC
Vonova,jd789f9yjsr170yq6175395gth7x1tfx,Non Equity Assistance,2024-05-29,,MedTech Innovator
Vonova,jd789f9yjsr170yq6175395gth7x1tfx,Pre Seed,2025-12-11,,XEIA; Device of Tomorrow Capital; SmartGate VC
Vonova,jd789f9yjsr170yq6175395gth7x1tfx,Non Equity Assistance,2025-04-28,,XEIA; Device of Tomorrow Capital; SmartGate VC
Canaery,jd70tdfpexf0hrd0hj92b1h97h7x1h5r,Seed,2023-07-25,4000000,DeepWork Capital
Canaery,jd70tdfpexf0hrd0hj92b1h97h7x1h5r,Seed,2022-07-01,4000000,Breakout Ventures
Canaery,jd70tdfpexf0hrd0hj92b1h97h7x1h5r,Seed,2021-02-01,,SOSV
Canaery,jd70tdfpexf0hrd0hj92b1h97h7x1h5r,Convertible Note,2021-02-01,,SOSV
Phantom Neuro,jd72mja6v5a99v4x41bps278t97x0a32,Series A,2025-04-15,19000000,Ottobock
Phantom Neuro,jd72mja6v5a99v4x41bps278t97x0a32,Grant,2025-01-01,300000,DARPA
Phantom Neuro,jd72mja6v5a99v4x41bps278t97x0a32,Venture Round,2024-04-02,,Intel Ignite
Phantom Neuro,jd72mja6v5a99v4x41bps278t97x0a32,Seed,2022-09-12,6000000,TIME BioVentures
Phantom Neuro,jd72mja6v5a99v4x41bps278t97x0a32,Seed,2022-03-25,3260000,LionBird
mintneuro,jd7e8rt79fdg8amzgkw80fcxys7x0kea,Grant,2025-01-31,21081689,ARIA
mintneuro,jd7e8rt79fdg8amzgkw80fcxys7x0kea,Seed,2024-11-12,1273670,Empirical Ventures
Coherence,jd74e93hd0dygme916rm41p5t97x1yny,Seed,2025-11-03,10000000,Artesian VC; topology
Coherence,jd74e93hd0dygme916rm41p5t97x1yny,Pre-Seed,2023-03-13,2251055,Blackbird Ventures
Blackrock Neurotech,jd7cx38fakhtsw0dtgnwe3q7rd7wkgd3,Private Equity,2021-05-19,10000000,re.Mind Capital
Blackrock Neurotech,jd7cx38fakhtsw0dtgnwe3q7rd7wkgd3,Convertible Note,2021-11-01,,
Blackrock Neurotech,jd7cx38fakhtsw0dtgnwe3q7rd7wkgd3,Private Equity,2024-04-29,12400000,Tether
Blackrock Neurotech,jd7cx38fakhtsw0dtgnwe3q7rd7wkgd3,Convertible Note,2024-04-30,200000000,Tether
Synchron,jd7e4f618hkdg22hp7nw82t8z17wjqmp,Series D,2025-11-06,200000000,Double Point Ventures
Synchron,jd7e4f618hkdg22hp7nw82t8z17wjqmp,Series C,2022-12-15,75000000,ARCH Venture Partners
Synchron,jd7e4f618hkdg22hp7nw82t8z17wjqmp,Venture Round,2022-02-04,,Max Hodak
Synchron,jd7e4f618hkdg22hp7nw82t8z17wjqmp,Series B,2021-06-03,40000000,Khosla Ventures
Synchron,jd7e4f618hkdg22hp7nw82t8z17wjqmp,Series A,2017-04-04,10000000,Neurotechnology Investors
Synchron,jd7e4f618hkdg22hp7nw82t8z17wjqmp,Venture Round,2005-01-28,5000000,Sigma Partners
Neuralink,jd7b4rfxem59ejyzsb4f96p4th7wg028,Series E,2025-12-11,650000000,Vy Capital; Thrive Capital; Sequoia Capital; ARK Invest; DFJ Growth
Neuralink,jd7b4rfxem59ejyzsb4f96p4th7wg028,Secondary Market,2025-06-02,650000000,
Neuralink,jd7b4rfxem59ejyzsb4f96p4th7wg028,Series D,2023-01-01,,Founders Fund
Neuralink,jd7b4rfxem59ejyzsb4f96p4th7wg028,Series C,2021-07-29,205000000,Vy Capital
Neuralink,jd7b4rfxem59ejyzsb4f96p4th7wg028,Series B,2019-01-01,,
Neuralink,jd7b4rfxem59ejyzsb4f96p4th7wg028,Series A,2017-01-01,,
Neuralink,jd7b4rfxem59ejyzsb4f96p4th7wg028,Venture Round,2017-01-01,,CoreNest Capital
Smartlens Inc,jd70k2p83kx68255v3d8afdv497whjv4,Seed,2025-10-29,5200000,Ambit Health Ventures
"Paradromics, Inc.",jd7735w21w7bf4hn6vppha1g8s7whhhx,Convertible Note,2025-12-20,,Hartmann Capital; Neman Ventures
"Paradromics, Inc.",jd7735w21w7bf4hn6vppha1g8s7whhhx,Venture Round,2025-12-08,235011,Gaingels
"Paradromics, Inc.",jd7735w21w7bf4hn6vppha1g8s7whhhx,Venture Round,2025-02-12,4000000,NEOM Investment Fund
"Paradromics, Inc.",jd7735w21w7bf4hn6vppha1g8s7whhhx,Secondary Market,2024-04-01,,IPOSharks
"Paradromics, Inc.",jd7735w21w7bf4hn6vppha1g8s7whhhx,Series A,2023-05-18,50141276,Prime Movers Lab
"Paradromics, Inc.",jd7735w21w7bf4hn6vppha1g8s7whhhx,Venture Round,2022-09-21,8864853,
"Paradromics, Inc.",jd7735w21w7bf4hn6vppha1g8s7whhhx,Debt Financing,2022-09-21,,
"Paradromics, Inc.",jd7735w21w7bf4hn6vppha1g8s7whhhx,Seed,2021-07-22,20000000,Prime Movers Lab
"Paradromics, Inc.",jd7735w21w7bf4hn6vppha1g8s7whhhx,Equity Crowdfunding,2021-02-01,4100000,Court Westcott
"Paradromics, Inc.",jd7735w21w7bf4hn6vppha1g8s7whhhx,Seed,2019-05-03,,
ONWARD Medical N.V.,jd76cj98ct1mrm4faaq1e97hfd7wh2j3,Post-IPO Equity,2025-10-22,58100000,Ottobock SE & Co. KGaA
ONWARD Medical N.V.,jd76cj98ct1mrm4faaq1e97hfd7wh2j3,Grant,2025-10-24,59000000,Ottobock; Invus; ASR Global Impact Equity Fund
ONWARD Medical N.V.,jd76cj98ct1mrm4faaq1e97hfd7wh2j3,Post-IPO Debt,2025-10-24,,Runway Growth Capital
ONWARD Medical N.V.,jd76cj98ct1mrm4faaq1e97hfd7wh2j3,Venture Round,2025-10-24,50000000,Invest-NL; Olympic Investments
ONWARD Medical N.V.,jd76cj98ct1mrm4faaq1e97hfd7wh2j3,Series A,2025-10-24,,EQT Life Sciences; Gimv; Inkef; Wellington Partners
BrainsWay Deep TMS,jd732bkf8sh5d7jkjxk8d6dbzs7wgyqp,Post-IPO Equity,2024-09-30,20000000,
Senseneuro,jd7ed2bset9s3ysfs70sxsr0as7wg2a9,Non Equity Assistance,2024-01-01,0,
Senseneuro,jd7ed2bset9s3ysfs70sxsr0as7wg2a9,Venture Round,2025-09-29,17000000,Queen City Angels
