name,website,location,country,region,industries,primary_modality,application,invasiveness,headcount_bucket,last_funding_stage,live_jobs,founding_year,founding_confidence,founding_year_source,decade,half_year
Optohive,optohive.com,"Zürich, Switzerland",Switzerland,Europe,NeuroTechnology;Medical Devices;Wearables;Digital Health;Research Tools,Wearable,Medical/Diagnostic,Non-invasive,1-10,Grant,0,2023,H,https://www.cbinsights.com/company/optohive,2020s,2023-H1
Omnipemf,omnipemf.com,"New York, NY",USA,North America,NeuroTechnology;Medical Devices;Wearables;Wellness,Wearable,Consumer/Wellness,Non-invasive,,,0,2016,H,https://www.cbinsights.com/company/omnipemf,2010s,2016-H1
Nueyne,nueyne.com,South Korea,South Korea,Asia,NeuroTechnology;Medical Devices;Digital Health;Wellness,Medical Device,Medical/Diagnostic,Non-invasive,,,0,2017,H,https://www.crunchbase.com/organization/nueyne,2010s,2017-H1
"nubrain- Thoughts to text, image and speech decoding",nubrain.com,"San Francisco, CA",USA,North America,NeuroTechnology;AI/ML;Biotech;Research Tools;Neurotech,Software/AI,Research Tools,Non-invasive,1-10,Pre-Seed,0,2022,L,training_knowledge,2020s,2022-H1
Nocira,nocira.com,"Tempe, AZ",USA,North America,NeuroTechnology;Medical Devices;Digital Health;Clinical Research,Medical Device,Medical/Therapeutic,Non-invasive,1-10,Series B,0,2014,M,training_knowledge,2010s,2014-H1
Nimbus,nimbusbci.com,,,,NeuroTechnology;AI/ML;Research Tools;Digital Health,Software/AI,Research Tools,Non-invasive,,,0,2024,M,https://www.linkedin.com/company/nimbusbci,2020s,2024-H1
Nexalin Technology,nexalin.com,"Houston, TX",USA,North America,NeuroTechnology;Medical Devices;Digital Health;Therapeutics,Therapeutics,Medical/Therapeutic,Mixed/Unknown,1-10,Post-IPO Equity,0,2010,H,https://www.crunchbase.com/organization/nexalin-technology,2010s,2010-H1
Newrotex,newrotex.com,"Oxford, UK",UK,Europe,NeuroTechnology;Biotech;Medical Devices;Therapeutics,Therapeutics,Medical/Therapeutic,Mixed/Unknown,1-10,Grant,0,2019,H,https://find-and-update.company-information.service.gov.uk/company/11798939,2010s,2019-H1
Neurovirt,neurovirt.com,"Darien, CT",USA,North America,NeuroTechnology,Other,Other,Non-invasive,1-10,Seed,0,2018,L,training_knowledge,2010s,2018-H1
Neuroview Technology,neuroviewtech.com,"Englewood, NJ",USA,North America,NeuroTechnology;Medical Devices;Digital Health;Diagnostics,Diagnostics,Medical/Diagnostic,Non-invasive,1-10,Venture Round,0,2016,H,https://www.crunchbase.com/organization/neuroview-technology,2010s,2016-H1
Neuroverse,neuroverseinc.com,"San Diego, CA",USA,North America,NeuroTechnology;Medical Devices;Wearables;Digital Health,Wearable,Medical/Diagnostic,Non-invasive,11-50,Grant,0,2012,H,https://www.crunchbase.com/organization/neuroverse,2010s,2012-H1
Neurotrack Cognitive Function Test,neurotrack.com,"Redwood City, California",USA,North America,NeuroTechnology;Medical Devices;Digital Health;Diagnostics,Diagnostics,Medical/Diagnostic,Non-invasive,11-50,Venture Round,0,2012,M,training_knowledge,2010s,2012-H1
Neurosync,neurosync.health,"Holliston, MA",USA,North America,NeuroTechnology;Digital Health;Medical Devices;Diagnostics,Diagnostics,Medical/Diagnostic,Non-invasive,11-50,,0,2022,M,https://www.neurosync.health/about/,2020s,2022-H1
Neuro-stellar,neuro-stellar.com,"Chennai, India",India,Asia,NeuroTechnology;Wearables;Digital Health;Medical Devices,Wearable,Medical/Diagnostic,Non-invasive,11-50,Seed,0,2021,H,https://tracxn.com/d/legal-entities/india/neurostellar-private-limited/,2020s,2021-H1
Neurosteer,neurosteer.com,"New York, NY",USA,North America,NeuroTechnology;Medical Devices;Digital Health;Wearables,Wearable,Medical/Diagnostic,Non-invasive,11-50,Seed,0,2012,M,training_knowledge,2010s,2012-H1
NeuroServo,neuroservo.com,"Montréal, Quebec, Canada",Canada,North America,NeuroTechnology;Digital Health;AI/ML;Diagnostics,Software/AI,Software/Analytics,Non-invasive,1-10,Series A,0,2015,H,https://www.crunchbase.com/organization/neuroservo,2010s,2015-H1
NeuroSky,neurosky.com,"San Jose, CA",USA,North America,NeuroTechnology;Wearables;Medical Devices;Digital Health,Wearable,Medical/Diagnostic,Non-invasive,51-100,Venture Round,0,2004,H,training_knowledge,2000s,2004-H1
Neurosity,neurosity.co,"Brooklyn, NY",USA,North America,NeuroTechnology;Wearables;Consumer Electronics;Wellness,Wearable,Consumer/Wellness,Non-invasive,1-10,Venture Round,0,2019,H,training_knowledge,2010s,2019-H1
NeuroOne Medical,nmtc1.com,"Eden Prairie, MN",USA,North America,NeuroTechnology;Medical Devices;Neurotech;Diagnostics,Diagnostics,Medical/Diagnostic,Invasive,1-10,Post-IPO Equity,0,2009,H,https://www.crunchbase.com/organization/neuroone-medical-technologies-corp,2000s,2009-H1
Neuro Rehab VR,neurorehabvr.com,"Fort Worth, TX",USA,North America,NeuroTechnology;Digital Health;Medical Devices;AI/ML,Software/AI,Medical/Diagnostic,Non-invasive,11-50,Seed,0,2017,M,https://www.crunchbase.com/organization/neuro-rehab-vr,2010s,2017-H1
Neuronostics,neuronostics.com,"Bristol, UK",UK,Europe,NeuroTechnology;Digital Health;Diagnostics,Diagnostics,Other,Non-invasive,11-50,Seed,0,2018,H,https://www.neuronostics.com/history/,2010s,2018-H1
Neuronoff,neuronoff.com,"Valencia, Spain",Spain,Europe,NeuroTechnology;Medical Devices;Digital Health;Therapeutics,Therapeutics,Medical/Therapeutic,Mixed/Unknown,11-50,Venture Round,0,2017,M,https://www.cbinsights.com/company/neuronoff,2010s,2017-H1
Neurolutions,neurolutions.com,"Van Nuys, California",USA,North America,NeuroTechnology;Medical Devices;Digital Health;Neurotechnology,Medical Device,Medical/Diagnostic,Invasive,11-50,Venture Round,0,2007,M,training_knowledge,2000s,2007-H1
Neurofenix,neurofenix.com,"London, UK",UK,Europe,NeuroTechnology;Digital Health;Therapeutics,Therapeutics,Medical/Therapeutic,Non-invasive,11-50,Series A,0,2016,H,https://www.crunchbase.com/organization/neurofenix,2010s,2016-H1
Neurode,neurodelabs.com,"Sydney, Australia",Australia,Oceania,NeuroTechnology;Digital Health;Wearables;Medical Devices,Wearable,Medical/Diagnostic,Non-invasive,1-10,Seed,0,2021,H,https://www.crunchbase.com/organization/neurode,2020s,2021-H1
Neurobell,neurobell.com,"Cork, Ireland",Ireland,Europe,NeuroTechnology;Medical Devices;Digital Health;AI/ML,Software/AI,Medical/Diagnostic,Non-invasive,1-10,Seed,0,2023,H,https://www.enterprise-ireland.com/en/news/mark-o-sullivan-neurobell-announced-as-founder-of-the-year-2025,2020s,2023-H1
NeuroMind AGI,neuromindagi.com,"Rome, Italy",Italy,Europe,NeuroTechnology;AI/ML;Digital Health;Diagnostics,Software/AI,Software/Analytics,Non-invasive,1-10,Seed,0,,,,,
Neuromind,neuromind.fr,"Paris, France",France,Europe,NeuroTechnology;Digital Health;Medical Devices;Clinical Research,Medical Device,Medical/Therapeutic,Non-invasive,,,0,2022,M,https://www.neuromind.fr/,2020s,2022-H1
Neurinnov,neurinnov.com,"Les Aires, Languedoc-Roussillon, France",France,Europe,NeuroTechnology;Medical Devices;Biotech;Therapeutics,Therapeutics,Medical/Therapeutic,Mixed/Unknown,11-50,Grant,0,2018,H,https://neurinnov.com/about-neurinnov/,2010s,2018-H1
Neuromark,neuromark.com,"Galway, Ireland; Braintree, MA",USA,North America,NeuroTechnology;Medical Devices;Therapeutics,Therapeutics,Medical/Therapeutic,Mixed/Unknown,11-50,Series C,0,2015,H,https://www.crunchbase.com/organization/neurent-medical,2010s,2015-H1
Neurology Care Platform,neu.health,"Seattle, Washington, United States",USA,North America,NeuroTechnology;Digital Health;Diagnostics;Data Analytics;AI/ML,Software/AI,Software/Analytics,Non-invasive,,Seed,0,2022,H,https://www.cbinsights.com/company/neu-health,2020s,2022-H1
NeurAxis,neuraxis.com,"Carmel, IN",USA,North America,NeuroTechnology;Medical Devices;Therapeutics,Therapeutics,Medical/Therapeutic,Mixed/Unknown,11-50,Post-IPO Equity,0,2014,M,training_knowledge,2010s,2014-H1
Neuraura Biotech Inc,neuraura.com,"Calgary, Canada",Canada,North America,NeuroTechnology;Medical Devices;Biotech;Wearables,Wearable,Medical/Device,Non-invasive,,Pre-Seed,0,2018,L,training_knowledge,2010s,2018-H1
Affectablesleep,affectablesleep.com,"Sydney, Australia",Australia,Oceania,NeuroTechnology;Wearables;Digital Health;Medical Devices,Wearable,Medical/Diagnostic,Non-invasive,1-10,Grant,0,2020,L,https://www.affectablesleep.com/about,2020s,2020-H1
Neumarker,neumarker.ai,,,,NeuroTechnology;AI/ML;Digital Health;Diagnostics,Software/AI,Software/Analytics,Non-invasive,,,0,2022,H,https://www.cbinsights.com/company/neumarker,2020s,2022-H1
Neuronexus,neuronexus.com,"Ann Arbor, MI",USA,North America,NeuroTechnology;Medical Devices;Research Tools;Biotech,Research Tools,Research Tools,Non-invasive,11-50,Acquisition,0,2004,H,https://www.crunchbase.com/organization/neuronexus-technologies,2000s,2004-H1
Nyx-tech,nyx-tech.com,"Haifa, Israel",Israel,MENA,NeuroTechnology;Wearables;Digital Health;Medical Devices,Wearable,Medical/Diagnostic,Non-invasive,1-10,Seed,0,2016,H,https://finder.startupnationcentral.org/company_page/nyx-technologies,2010s,2016-H1
Afference,afference.io,"Boulder, CO; Cleveland, OH",USA,North America,NeuroTechnology;Wearables;Medical Devices;Hardware,Wearable,Medical/Device,Non-invasive,1-10,Venture Round,0,2020,M,training_knowledge,2020s,2020-H1
Marbles Health,marbles.health,"Chattarpur, Delhi, India",India,Asia,NeuroTechnology;Medical Devices;Digital Health;Therapeutics,Therapeutics,Medical/Therapeutic,Mixed/Unknown,11-50,,0,2020,H,https://tracxn.com/d/companies/marbles/__7Bc-5-Ke4TJ0Tp28elgJy5RoT6nb5YJUN508jOtsdl4,2020s,2020-H1
Acoustiic,acoustiic.com,"Bellevue, WA",USA,North America,NeuroTechnology;Medical Devices;Therapeutics;Digital Health,Therapeutics,Medical/Therapeutic,Mixed/Unknown,1-10,Debt Financing,0,2017,M,https://www.crunchbase.com/organization/acoustiic-inc,2010s,2017-H1
Naqi Logix,naqilogix.com,"Vancouver, British Columbia",Canada,North America,NeuroTechnology;Wearables;AI/ML;Medical Devices,Wearable,Software/Analytics,Non-invasive,11-50,Equity Crowdfunding,0,2020,H,https://www.sec.gov/Archives/edgar/data/1902337/000106299324019659/form1a.htm,2020s,2020-H1
Naox,naox.tech,"Palaiseau, France",France,Europe,NeuroTechnology;Medical Devices;Digital Health;Wearables,Wearable,Medical/Diagnostic,Non-invasive,1-10,Seed,0,2019,L,training_knowledge,2010s,2019-H1
Epia Neuro,epianeuro.com,,,,NeuroTechnology;Medical Devices;Biotech;Digital Health,Medical Device,Medical/Diagnostic,Non-invasive,,Seed,0,2026,H,https://www.businesswire.com/news/home/20260402282679/en/Epia-Neuro-Launches-to-Develop-Intent-Driven-Neural-Technology-to-Restore-Function-After-Stroke-and-Address-Cognitive-Decline,2020s,2026-H1
Intheon,intheon.io,"San Diego, CA",USA,North America,NeuroTechnology;Research Tools;AI/ML;Digital Health,Software/AI,Research Tools,Non-invasive,1-10,,0,2015,M,https://www.crunchbase.com/organization/intheon,2010s,2015-H1
Linkedin,linkedin.com/company/weartemple,"New Delhi, India",India,Asia,NeuroTechnology,Other,Other,Non-invasive,11-50,Seed,0,2026,M,https://techfundingnews.com/deepinder-goyal-temple-54m-brain-wearable-funding/,2020s,2026-H1
Clee Medical,cleemedical.com,"Geneva, Switzerland",Switzerland,Europe,NeuroTechnology;Medical Devices;Diagnostics;AI/ML,Software/AI,Medical/Diagnostic,Non-invasive,1-10,Seed,0,2024,H,https://www.cleemedical.com/news/2024/11/24/clee-medical-birth.html,2020s,2024-H1
EvON Medics,evonmedics.com,"Ellicott City, MD",USA,North America,NeuroTechnology;Medical Devices;Digital Health;Clinical Research,Medical Device,Medical/Therapeutic,Non-invasive,11-50,Grant,0,2013,H,https://www.crunchbase.com/organization/evon-medics,2010s,2013-H1
MindMaze Therapeutics,mindmazetherapeutics.com,"Geneva, Switzerland",Switzerland,Europe,NeuroTechnology;Digital Health;Medical Devices;Biotech,Medical Device,Medical/Diagnostic,Non-invasive,101-250,Venture Round,0,2012,M,training_knowledge,2010s,2012-H1
BrainPatch®,brainpatch.ai,"London, United Kingdom",UK,Europe,NeuroTechnology;Medical Devices;Digital Health;Wearables,Wearable,Medical/Diagnostic,Non-invasive,1-10,Pre-Seed,0,2018,H,https://brainpatch.ai/about,2010s,2018-H1
Egra,egra.ai,,,,NeuroTechnology,Other,Other,Non-invasive,,Venture Round,0,,,,,
Mynd Immersive,myndimmersive.com,"Plano, TX",USA,North America,NeuroTechnology;Digital Health;Medical Devices;Therapeutics,Therapeutics,Medical/Therapeutic,Mixed/Unknown,11-50,Seed,0,2016,H,https://pitchbook.com/profiles/company/264330-19,2010s,2016-H1
Monteris,monteris.com,"Minnetonka, Minnesota, United States",USA,North America,NeuroTechnology;Medical Devices;Therapeutics;Clinical Research,Therapeutics,Medical/Therapeutic,Mixed/Unknown,101-250,Debt Financing,0,1999,H,https://www.monteris.com/about-monteris/,1990s,1999-H1
Modality.AI,modality.ai,"San Francisco, CA",USA,North America,NeuroTechnology;Digital Health;Medical Devices;Clinical Research,Medical Device,Medical/Therapeutic,Non-invasive,11-50,Seed,0,2018,H,https://modality.ai/about,2010s,2018-H1
Mobio Interactive,mobiointeractive.com,"Singapore, Singapore",Singapore,Asia,NeuroTechnology;Digital Health;Diagnostics;Therapeutics,Therapeutics,Medical/Therapeutic,Non-invasive,11-50,Seed,0,2015,H,https://www.crunchbase.com/organization/mobio-interactive,2010s,2015-H1
Moberg Analytics,moberganalytics.com,"Philadelphia, Pennsylvania, United States",USA,North America,NeuroTechnology;Digital Health;Data Analytics;AI/ML,Software/AI,Software/Analytics,Non-invasive,11-50,Seed,0,2020,H,https://moberganalytics.com/about-us/story/,2020s,2020-H1
mjn-neuro,mjn.cat,"Girona, Spain",Spain,Europe,NeuroTechnology;Medical Devices;Digital Health;Wearables,Wearable,Medical/Diagnostic,Non-invasive,1-10,Grant,0,2014,H,https://mjn.cat/en/team/,2010s,2014-H1
Getenophone,getenophone.com,"Montreal, QC",Canada,North America,NeuroTechnology;Wearables;Digital Health;Consumer Electronics,Wearable,Consumer/Wellness,Non-invasive,1-10,Seed,0,2016,M,https://getenophone.com/,2010s,2016-H1
Mindrove,mindrove.com,"Gyor, Hungary",Hungary,Europe,NeuroTechnology;Research Tools;Wearables;Medical Devices,Wearable,Research Tools,Non-invasive,1-10,Pre-Seed,0,2016,M,https://pitchbook.com/profiles/company/225664-84,2010s,2016-H1
Mindaffect,mindaffect.nl,"Nijmegen, The Netherlands",Netherlands,Europe,NeuroTechnology;Digital Health;Medical Devices;Diagnostics,Diagnostics,Medical/Diagnostic,Non-invasive,1-10,Series A,0,2017,H,https://www.crunchbase.com/organization/mindaffect,2010s,2017-H1
AlphaOmega,alphaomega-eng.com,"Nazareth, Israel",Israel,MENA,NeuroTechnology;Medical Devices;Research Tools;Clinical Research,Research Tools,Medical/Therapeutic,Non-invasive,101-250,Venture Round,0,1993,H,https://www.alphaomega-eng.com/Company-Overview,1990s,1993-H1
Methinks AI Stroke Solutions,methinks.ai,"Barcelona, Spain",Spain,Europe,NeuroTechnology;Digital Health;Diagnostics;AI/ML,Software/AI,Software/Analytics,Non-invasive,11-50,Convertible Note,0,2016,H,https://www.crunchbase.com/organization/methinks-2e94,2010s,2016-H1
Metaphysiks,metaphysiks.ch,"Lausanne, Switzerland",Switzerland,Europe,NeuroTechnology;Medical Devices;Wearables;Digital Health,Wearable,Medical/Diagnostic,Non-invasive,1-10,Seed,0,2016,M,https://pitchbook.com/profiles/company/459255-61,2010s,2016-H1
"Meta Platforms, Inc.",meta.com/reality-labs,,,,NeuroTechnology,Other,Other,Non-invasive,,,0,2004,H,training_knowledge,2000s,2004-H1
Mesmerise Group,mesmerisegroup.com,"London, United Kingdom",UK,Europe,NeuroTechnology;Digital Health;AI/ML,Software/AI,Software/Analytics,Non-invasive,51-100,Seed,0,2016,H,https://pitchbook.com/profiles/company/268149-16,2010s,2016-H1
Mendi.io,mendi.io,"Stockholm, Sweden",Sweden,Europe,NeuroTechnology;Medical Devices;Digital Health;Wearables,Wearable,Medical/Diagnostic,Non-invasive,11-50,Equity Crowdfunding,0,2018,M,training_knowledge,2010s,2018-H1
Melo,melo.health,United Kingdom,UK,Europe,NeuroTechnology;Digital Health;Software/SaaS;Data Analytics,Software/AI,Software/Analytics,Non-invasive,,Seed,0,2021,M,https://businesscloud.co.uk/news/startup-behind-nhs-patient-safety-software-raises-500k/,2020s,2021-H1
Medtronic,medtronic.com,"Minneapolis, Minnesota",USA,North America,NeuroTechnology;Medical Devices;Digital Health;Diagnostics,Diagnostics,Medical/Diagnostic,Non-invasive,10001+,Post-IPO Debt,0,1949,H,training_knowledge,1940s,1949-H1
Mxwbio,mxwbio.com,"Basel, Switzerland",Switzerland,Europe,NeuroTechnology;Research Tools;Medical Devices;Biotech,Research Tools,Research Tools,Non-invasive,11-50,Debt Financing,0,2016,H,https://bsse.ethz.ch/bel/spin-offs/maxwell-biosystems-ag.html,2010s,2016-H1
Manava,manava.plus,"Lugano, Switzerland",Switzerland,Europe,NeuroTechnology;Medical Devices;Biotech;Therapeutics,Therapeutics,Medical/Therapeutic,Mixed/Unknown,1-10,Grant,0,2022,H,https://www.crunchbase.com/organization/manava-plus,2020s,2022-H1
Magnusmed,magnusmed.com,"Burlingame, CA",USA,North America,NeuroTechnology;Medical Devices;Digital Health;Therapeutics,Therapeutics,Medical/Therapeutic,Mixed/Unknown,11-50,Venture Round,0,2020,H,https://www.magnusmed.com/press-release/magnus-medical-launch/,2020s,2020-H1
Magnetic Tides,magnetictides.com,"Berkeley, CA",USA,North America,NeuroTechnology;Medical Devices;Biotech;Digital Health,Medical Device,Medical/Diagnostic,Non-invasive,1-10,,0,2023,L,training_knowledge,2020s,2023-H1
Neurawear,neurawear.co,,,,NeuroTechnology;Medical Devices;Wearables;Digital Health,Wearable,Medical/Diagnostic,Non-invasive,,,0,,,,,
OptoCeutics,optoceutics.com,,,,NeuroTechnology;Medical Devices;Digital Health;Biotech,Medical Device,Medical/Diagnostic,Non-invasive,,,0,2018,H,https://www.crunchbase.com/organization/optoceutics,2010s,2018-H1
BrainLink by Macrotellect,o.macrotellect.com,"Shenzhen, Guangdong, China",China,Asia,NeuroTechnology;Medical Devices;Wearables;Digital Health,Wearable,Medical/Diagnostic,Non-invasive,11-50,Series A,0,2010,M,https://www.crunchbase.com/organization/macrotellect,2010s,2010-H1
machineMD,machinemd.com,"Bern, Switzerland",Switzerland,Europe,NeuroTechnology;Medical Devices;Diagnostics;Digital Health,Diagnostics,Medical/Diagnostic,Non-invasive,11-50,Venture Round,0,2019,L,training_knowledge,2010s,2019-H1
Machine Medicine,machinemedicine.com,"London, UK",UK,Europe,NeuroTechnology,Other,Other,Non-invasive,11-50,Convertible Note,0,2017,H,https://find-and-update.company-information.service.gov.uk/company/10787420,2010s,2017-H1
Lumosity,lumosity.com,"San Francisco, CA",USA,North America,NeuroTechnology;Digital Health;Wellness;Research Tools,Research Tools,Consumer/Wellness,Non-invasive,51-100,Secondary Market,0,2005,H,training_knowledge,2000s,2005-H1
LumiThera,lumithera.com,"Poulsbo, WA",USA,North America,NeuroTechnology;Medical Devices;Therapeutics;Diagnostics,Therapeutics,Medical/Therapeutic,Mixed/Unknown,11-50,Venture Round,0,2013,M,training_knowledge,2010s,2013-H1
Lotus Neuro,lotusneuro.com,"Miami, FL",USA,North America,NeuroTechnology;Therapeutics;Biotech;Medical Devices,Therapeutics,Medical/Therapeutic,Mixed/Unknown,,Pre-Seed,0,2025,H,https://insightec.com/news/insightec-announces-spin-out-of-lotus-neuro-to-advance-focused-ultrasound-brain-therapies/,2020s,2025-H1
Looxid Labs,looxidlabs.com,"Seoul, South Korea",South Korea,Asia,NeuroTechnology;Digital Health;Wearables;AI/ML,Wearable,Software/Analytics,Non-invasive,1-10,Series A,0,2015,M,training_knowledge,2010s,2015-H1
Longeviti,longeviti.com,"Hunt Valley, MD",USA,North America,NeuroTechnology;Medical Devices;Neurotechnology,Medical Device,Medical/Device,Non-invasive,11-50,Venture Round,0,2016,H,https://www.crunchbase.com/organization/longeviti,2010s,2016-H1
株式会社LIFESCAPES,lifescapes.jp,"Tokyo, Japan",Japan,Asia,NeuroTechnology;Medical Devices;Digital Health;AI/ML;Neurotechnology,Software/AI,Medical/Diagnostic,Non-invasive,11-50,Seed,0,2019,L,training_knowledge,2010s,2019-H1
Mave,mavehealth.com,,,,NeuroTechnology;Medical Devices;Wearables;Digital Health,Wearable,Medical/Diagnostic,Non-invasive,,,0,2023,H,https://www.crunchbase.com/organization/mave-health,2020s,2023-H1
Journey-frame,journey-frame.com,"San Francisco, CA",USA,North America,NeuroTechnology;Wearables;Consumer Electronics;Digital Health,Wearable,Consumer/Wellness,Non-invasive,101-250,Seed,0,2019,M,https://www.crunchbase.com/organization/phantom-technology,2010s,2019-H1
Neuraled,https://neuraled.co/,"San Francisco, CA",USA,North America,NeuroTechnology,Other,Other,Non-invasive,101-250,Series D,0,2017,L,training_knowledge,2010s,2017-H1
KeyWise,keywise.tech,"Chicago, IL",USA,North America,NeuroTechnology;Digital Health;AI/ML;Diagnostics,Software/AI,Software/Analytics,Non-invasive,1-10,Seed,0,2019,H,https://www.crunchbase.com/organization/keywise-ai,2010s,2019-H1
Karavela,karavela.ai,"Paris, France",France,Europe,NeuroTechnology;AI/ML;Digital Health;Clinical Research,Software/AI,Medical/Therapeutic,Non-invasive,1-10,Non Equity Assistance,0,2025,H,https://www.crunchbase.com/organization/karavela-2bb8,2020s,2025-H1
Restera,resterasleep.com,"Santa Clara, CA",USA,North America,NeuroTechnology;Medical Devices;Digital Health;Clinical Research,Medical Device,Medical/Therapeutic,Non-invasive,1-10,,0,2020,H,https://www.resterasleep.com/invicta-25m-series-a,2020s,2020-H1
Insellar GmbH,insellar.com,,,,NeuroTechnology;Medical Devices;Digital Health;Therapeutics,Therapeutics,Medical/Therapeutic,Mixed/Unknown,,,0,,,,,
iMotions,imotions.com,"Copenhagen, Denmark",Denmark,Europe,NeuroTechnology;Research Tools;Software/SaaS;AI/ML,Software/AI,Research Tools,Non-invasive,51-100,Venture Round,0,2005,M,training_knowledge,2000s,2005-H1
We are brain imaging specialists Imeka™,imeka.ca,"Sherbrooke, QC, Canada",Canada,North America,NeuroTechnology;Digital Health;Diagnostics;AI/ML,Software/AI,Software/Analytics,Non-invasive,11-50,Grant,0,2011,H,https://imeka.ca/about/,2010s,2011-H1
Iconeus,iconeus.com,"Paris, France",France,Europe,NeuroTechnology;Research Tools;Medical Devices;Biotech,Research Tools,Research Tools,Non-invasive,1-10,Venture Round,0,2011,M,training_knowledge,2010s,2011-H1
"Hyperfine, Inc. and the Swoop® Portable MR Imaging® System",hyperfine.io,"Guilford, CT",USA,North America,NeuroTechnology;Medical Devices;Digital Health;Diagnostics,Diagnostics,Medical/Diagnostic,Non-invasive,101-250,Post-IPO Debt,0,2014,H,training_knowledge,2010s,2014-H1
Horizon Neuro,horizon-neuro.com,,,,NeuroTechnology;AI/ML;Medical Devices,Software/AI,Software/Analytics,Non-invasive,,,0,,,,,
Homneuro,homneuro.com,,,,NeuroTechnology;Digital Health;Diagnostics,Diagnostics,Other,Non-invasive,,,0,2024,M,https://www.dmagazine.com/healthcare-business/2026/02/how-dallas-based-startup-hom-neuro-is-making-testing-for-epilepsy-and-seizures-more-accessible/,2020s,2024-H1
Kalmoa,kalmoa.com,"Leiden, Netherlands",Netherlands,Europe,NeuroTechnology;Digital Health;Wellness;Diagnostics,Diagnostics,Consumer/Wellness,Non-invasive,11-50,,0,,,,,
Cogwear,cogweartech.com,"Philadelphia, PA",USA,North America,NeuroTechnology;Medical Devices;Wearables;Digital Health,Wearable,Medical/Diagnostic,Non-invasive,11-50,Corporate Round,0,2018,H,https://www.crunchbase.com/organization/cogwear-technologies,2010s,2018-H1
Tryhealium,tryhealium.com,"Columbia, Missouri",USA,North America,NeuroTechnology;Digital Health;Wellness;Wearables,Wearable,Consumer/Wellness,Non-invasive,11-50,Grant,0,,,,,
Healios.org,healios.org.uk,"Southampton, United Kingdom",UK,Europe,NeuroTechnology;Digital Health;Diagnostics;Therapeutics;Clinical Research,Therapeutics,Medical/Therapeutic,Non-invasive,251-500,Series B,0,2013,H,https://healios.org.uk/about/,2010s,2013-H1
Harmoneyes,harmoneyes.com,,,,NeuroTechnology;AI/ML;Digital Health;Research Tools,Software/AI,Research Tools,Non-invasive,,,0,2012,M,https://pitchbook.com/profiles/company/741168-10,2010s,2012-H1
Grey Matter Neuropsychology of New York,greymatterneuro.com,"Toronto, Ontario",Canada,North America,NeuroTechnology;Digital Health;Clinical Research;Diagnostics,Diagnostics,Medical/Therapeutic,Non-invasive,1-10,Seed,0,,,,,
Gowerlabs,gowerlabs.co.uk,"London, UK",UK,Europe,NeuroTechnology;Medical Devices;Research Tools;Wearables,Wearable,Research Tools,Non-invasive,,,0,2013,H,https://www.ucl.ac.uk/impact/case-studies/2022/apr/gowerlabs-advancing-optical-brain-imaging-neuroscience-applications-industry,2010s,2013-H1
格式塔科技 (Gestala),gestala.com,China,China,Asia,NeuroTechnology;Medical Devices;Biotech;Digital Health;Neurotechnology;Therapeutics,Therapeutics,Medical/Therapeutic,Mixed/Unknown,,,0,2026,H,https://m.tech.china.com/redian/2026/0105/012026_1792327.html,2020s,2026-H1
FRENZ™ by Earable™ Neuroscience,earable.ai,"Boulder, CO",USA,North America,NeuroTechnology;Wearables;Digital Health;Wellness,Wearable,Consumer/Wellness,Non-invasive,51-100,Convertible Note,0,2018,M,training_knowledge,2010s,2018-H1
Dusq,dusq.com,"Haarlem, Noord-Holland",Noord-Holland,,NeuroTechnology;Digital Health;Wellness,Other,Consumer/Wellness,Non-invasive,1-10,Seed,0,2018,M,https://dusq.nl/en/about/,2010s,2018-H1
DIXI medical,diximedical.com,"Marchaux, France",France,Europe,NeuroTechnology;Medical Devices;Diagnostics;Neurotechnology,Diagnostics,Medical/Diagnostic,Non-invasive,51-100,,0,1988,H,https://diximedical.com/about,1980s,1988-H1
Digilens,digilens.com,"Sunnyvale, CA",USA,North America,NeuroTechnology;Hardware;Wearables;Consumer Electronics,Wearable,Consumer/Wellness,Non-invasive,51-100,Series D,0,2003,M,training_knowledge,2000s,2003-H1
"Diagnostic Biochips, Inc.",diagnosticbiochips.com,"Glen Burnie, MD",USA,North America,NeuroTechnology;Research Tools;Medical Devices;Biotech,Research Tools,Research Tools,Non-invasive,1-10,Grant,0,2013,H,https://diagnosticbiochips.com/our-story,2010s,2013-H1
Glneurotech,glneurotech.com,"Cleveland, OH",USA,North America,NeuroTechnology;Medical Devices;Digital Health;Wearables,Wearable,Medical/Diagnostic,Non-invasive,11-50,Grant,0,1994,L,training_knowledge,1990s,1994-H1
Brainchip,brainchip.com,"Aliso Viejo, California",USA,North America,NeuroTechnology;AI/ML;Hardware,Hardware,Software/Analytics,Non-invasive,11-50,Post-IPO Equity,2,2011,H,training_knowledge,2010s,2011-H1
Alljoined,alljoined.com,"San Francisco, CA",USA,North America,NeuroTechnology;AI/ML;Biotech;Research Tools,Software/AI,Research Tools,Non-invasive,1-10,Seed,2,2023,L,training_knowledge,2020s,2023-H1
Inflammasense,inflammasense.com,"San Diego, CA",USA,North America,neurotechnology;digital health;diagnostics;wearables,Wearable,Other,Non-invasive,1-10,Seed,1,2021,M,https://pitchbook.com/profiles/company/522913-78,2020s,2021-H1
Boston Scientific Corporation,bostonscientific.com,"Marlborough, MA",USA,North America,NeuroTechnology;Medical Devices;Diagnostics;Therapeutics,Therapeutics,Medical/Therapeutic,Mixed/Unknown,10001+,Post-IPO Debt,0,1979,H,training_knowledge,1970s,1979-H1
"Boomerang Medical, Inc.",boomerangmedical.com,"Mountain View, CA",USA,North America,NeuroTechnology;Biotech;Therapeutics;Medical Devices,Therapeutics,Medical/Therapeutic,Mixed/Unknown,1-10,Series B,0,2021,H,https://www.crunchbase.com/organization/boomerang-medical,2020s,2021-H1
Bluearbortech,bluearbortech.com,"Ann Arbor, MI",USA,North America,NeuroTechnology;Medical Devices;Biotech;Wearables,Wearable,Medical/Device,Non-invasive,1-10,Series A,0,2023,M,https://tracxn.com/d/companies/blue-arbor-technologies/__k0L3VSinWOt1vVXIGokCylDE1nBEcni4NWQ-HTn6ynE,2020s,2023-H1
Bitbrain,bitbrain.com,"Zaragoza, Spain",Spain,Europe,NeuroTechnology;Research Tools;Wearables;Medical Devices,Wearable,Research Tools,Non-invasive,11-50,Grant,0,2010,M,training_knowledge,2010s,2010-H1
Bioventus,bioventus.com,"Durham, NC",USA,North America,NeuroTechnology;Medical Devices;Therapeutics;Biotech,Therapeutics,Medical/Therapeutic,Mixed/Unknown,251-500,Post-IPO Debt,0,2012,H,training_knowledge,2010s,2012-H1
BIOSerenity,bioserenity.com,"Paris, France",France,Europe,NeuroTechnology;Medical Devices;Digital Health;Diagnostics,Diagnostics,Medical/Diagnostic,Non-invasive,251-500,Venture Round,0,2013,M,training_knowledge,2010s,2013-H1
Bios,bios.health,"Cambridge, United Kingdom",UK,Europe,NeuroTechnology;Medical Devices;Digital Health;AI/ML,Software/AI,Medical/Diagnostic,Non-invasive,11-50,Venture Round,0,2015,M,training_knowledge,2010s,2015-H1
Bioness medical,bioness medical,"Valencia, CA",USA,North America,NeuroTechnology,Other,Other,Non-invasive,251-500,,0,2004,H,https://uk.bioness.com/About_Us.php,2000s,2004-H1
Biocurrent,biocurrent.com,"Henderson, NV",USA,North America,NeuroTechnology;Medical Devices;Digital Health;Clinical Research,Medical Device,Medical/Therapeutic,Non-invasive,11-50,Seed,0,2022,H,https://www.crunchbase.com/organization/biocurrent,2020s,2022-H1
"Bexorg, Inc.",bexorg.com,"San Francisco, CA",USA,North America,NeuroTechnology;Biotech;Research Tools;Therapeutics,Research Tools,Medical/Therapeutic,Non-invasive,11-50,Grant,0,2019,L,training_knowledge,2010s,2019-H1
Holbergeeg,holbergeeg.com,"Bergen, Norway",Norway,Europe,NeuroTechnology;Medical Devices;Digital Health;AI/ML,Software/AI,Medical/Diagnostic,Non-invasive,1-10,Venture Round,0,2009,H,https://www.crunchbase.com/organization/holberg-eeg-as,2000s,2009-H1
HistoSonics,histosonics.com,"Plymouth, MN",USA,North America,NeuroTechnology;Medical Devices;Biotech;Therapeutics,Therapeutics,Medical/Therapeutic,Mixed/Unknown,101-250,Private Equity,0,2009,M,training_knowledge,2000s,2009-H1
Highland Instruments Highland Instruments,highlandinstruments.com,"Braintree, MA",USA,North America,NeuroTechnology;Medical Devices;Digital Health;Clinical Research,Medical Device,Medical/Therapeutic,Non-invasive,1-10,Grant,0,2007,L,training_knowledge,2000s,2007-H1
Great Lakes NeuroTechnologies,glneurotech.com,"Cleveland, OH",USA,North America,NeuroTechnology;Medical Devices;Digital Health;Wearables,Wearable,Medical/Diagnostic,Non-invasive,11-50,Grant,0,1994,L,training_knowledge,1990s,1994-H1
格式塔科技 (Gestala) 2,gestala.com,China,China,Asia,NeuroTechnology;Medical Devices;Biotech;Digital Health;Neurotechnology;Therapeutics,Therapeutics,Medical/Therapeutic,Mixed/Unknown,,Seed,0,2026,H,https://techcrunch.com/2026/03/11/bci-startup-gestala-raises-21-million-for-non-invasive-ultrasound-brain-tech/,2020s,2026-H1
Galvanize,galvanizetx.com,"Redwood City, California",USA,North America,NeuroTechnology;Medical Devices;Therapeutics;Biotech,Therapeutics,Medical/Therapeutic,Mixed/Unknown,101-250,Series C,0,2015,M,training_knowledge,2010s,2015-H1
Galvani Bioelectronics,galvanibioelectronics.com,"Stevenage, UK",UK,Europe,NeuroTechnology;Medical Devices;Biotech;Therapeutics,Therapeutics,Medical/Therapeutic,Mixed/Unknown,11-50,,0,2016,H,training_knowledge,2010s,2016-H1
"Fisher Wallace Laboratories, Inc.",fisherwallace.com,"New York, NY",USA,North America,NeuroTechnology;Medical Devices;Digital Health;Wellness;Wearables,Wearable,Medical/Diagnostic,Non-invasive,1-10,Equity Crowdfunding,0,2007,M,training_knowledge,2000s,2007-H1
FluentPlay Technologies,fluentplaytech.com,"Somerville, MA",USA,North America,NeuroTechnology;Digital Health;Clinical Research;Software/SaaS,Other,Medical/Therapeutic,Non-invasive,,,0,,,,,
FocusCalm,focuscalm.com,"Somerville, MA",USA,North America,NeuroTechnology;Wearables;Digital Health;Wellness;Medical Devices,Wearable,Medical/Diagnostic,Non-invasive,51-100,,0,2015,H,https://en.wikipedia.org/wiki/BrainCo,2010s,2015-H1
Fluent,fluentbci.com,"Melbourne, Australia",Australia,Oceania,NeuroTechnology;Medical Devices;Biotech;AI/ML,Software/AI,Software/Analytics,Non-invasive,,,0,,,,,
"Fareon, Inc.",fareon.co,"San Francisco, CA",USA,North America,NeuroTechnology;Biotech;Therapeutics,Therapeutics,Medical/Therapeutic,Non-invasive,1-10,Seed,0,2019,H,https://pitchbook.com/profiles/company/553947-22,2010s,2019-H1
Eyetronic,eyetronic-therapie.de,"Potsdam, Germany",Germany,Europe,NeuroTechnology;Therapeutics;Digital Health,Therapeutics,Medical/Therapeutic,Non-invasive,11-50,Venture Round,0,2007,H,https://pitchbook.com/profiles/company/57224-08,2000s,2007-H1
Evoke Neuroscience,evokeneuroscience.com,"New York, NY",USA,North America,NeuroTechnology;Medical Devices;Diagnostics;Digital Health,Diagnostics,Medical/Diagnostic,Non-invasive,11-50,Acquisition,0,2009,H,https://www.crunchbase.com/organization/evoke-neuroscience,2000s,2009-H1
"Envoy Medical, Inc.",envoymedical.com,"White Bear Lake, MN",USA,North America,NeuroTechnology,Other,Other,Non-invasive,11-50,Post-IPO Equity,0,2000,M,training_knowledge,2000s,2000-H1
"EnterTech, Inc",entertech.cn/en/health.html,"Wilmington, DE",USA,North America,NeuroTechnology;Wearables;Digital Health;Wellness,Wearable,Consumer/Wellness,Non-invasive,101-250,,0,2014,M,https://global.chinadaily.com.cn/a/202512/11/WS693a2979a310d6866eb2e135.html,2010s,2014-H1
"Enspire DBS Therapy, Inc.",enspiredbs.com,"Cleveland, OH",USA,North America,NeuroTechnology;Medical Devices;Clinical Research;Therapeutics,Therapeutics,Medical/Therapeutic,Mixed/Unknown,1-10,Series B,0,2012,M,https://pitchbook.com/profiles/company/168052-60,2010s,2012-H1
Encora Therapeutics,encoratherapeutics.com,"Boston, MA",USA,North America,NeuroTechnology;Medical Devices;Wearables;Digital Health,Wearable,Medical/Diagnostic,Non-invasive,1-10,Grant,0,2018,H,https://www.crunchbase.com/organization/encora,2010s,2018-H1
EnChannel Medical,enchannelmedical.com,"Huangpu, Guangdong, China",China,Asia,NeuroTechnology,Other,Other,Non-invasive,11-50,Series B,0,2020,H,https://enchannel.com/about/,2020s,2020-H1
EMVision,emvision.com.au,"Brisbane, Australia",Australia,Oceania,NeuroTechnology;Medical Devices;Diagnostics;Digital Health,Diagnostics,Medical/Diagnostic,Non-invasive,11-50,Grant,0,2017,H,https://emvision.com.au/about/,2010s,2017-H1
emteq labs,emteqlabs.com,"Brighton, UK",UK,Europe,NeuroTechnology;Wearables;AI/ML;Digital Health,Wearable,Software/Analytics,Non-invasive,11-50,Equity Crowdfunding,0,2015,H,https://find-and-update.company-information.service.gov.uk/company/09708880,2010s,2015-H1
Eight Sleep,eightsleep.com,"New York, NY",USA,North America,NeuroTechnology;Consumer Electronics;Digital Health;Wellness;Hardware,Hardware,Consumer/Wellness,Non-invasive,101-250,Series D,0,2014,H,training_knowledge,2010s,2014-H1
e184,e184.com,"Grand Cayman, Cayman Islands",Cayman Islands,Other,NeuroTechnology;Biotech;Medical Devices,Medical Device,Medical/Device,Non-invasive,1-10,,0,2023,M,https://pitchbook.com/profiles/investor/616284-73,2020s,2023-H1
Dreem,dreem.com,"San Francisco, CA",USA,North America,NeuroTechnology;Digital Health;Wellness;Diagnostics,Diagnostics,Consumer/Wellness,Non-invasive,101-250,Venture Round,0,2014,H,training_knowledge,2010s,2014-H1
Deegtal,deegtal.com,"Geneva, Switzerland",Switzerland,Europe,NeuroTechnology,Other,Other,Non-invasive,1-10,Grant,0,,,,,
Darmiyan,darmiyan.com,"San Francisco, CA",USA,North America,NeuroTechnology;Digital Health;Diagnostics;AI/ML,Software/AI,Software/Analytics,Non-invasive,1-10,Venture Round,0,2015,M,training_knowledge,2010s,2015-H1
Spinally.com is for sale,spinally.com,"Valencia, Spain",Spain,Europe,NeuroTechnology;Software/SaaS,Other,Software/Analytics,Non-invasive,1-10,Pre Seed,0,,,,,
Spryte Medical,sprytemedical.com,,,,NeuroTechnology;Medical Devices;Diagnostics;AI/ML,Software/AI,Medical/Diagnostic,Non-invasive,,,0,2023,H,https://www.linkedin.com/company/spryte-medical,2020s,2023-H1
Starlab,starlab.es,"Barcelona, Spain",Spain,Europe,NeuroTechnology;Digital Health;Medical Devices;AI/ML,Software/AI,Medical/Diagnostic,Non-invasive,11-50,Seed,0,2000,M,training_knowledge,2000s,2000-H1
Steadiwear Inc.,steadiwear.com,"Toronto, Ontario",Canada,North America,NeuroTechnology;Medical Devices;Wearables;Digital Health,Wearable,Medical/Diagnostic,Non-invasive,1-10,Venture Round,0,2015,L,training_knowledge,2010s,2015-H1
StimAire,stimaire.com,"Tucson, AZ",USA,North America,NeuroTechnology;Medical Devices;Wearables;Digital Health;Therapeutics,Wearable,Medical/Therapeutic,Non-invasive,1-10,Series A,0,2017,H,https://www.crunchbase.com/organization/stimaire,2010s,2017-H1
StimCardio,stimcardio.com,"Ness Ziona, Israel",Israel,MENA,NeuroTechnology;Medical Devices;Digital Health;Wearables,Wearable,Medical/Diagnostic,Non-invasive,11-50,Series A,0,,,,,
Stimdia,stimdia.com,"Eagan, MN",USA,North America,NeuroTechnology;Medical Devices,Medical Device,Medical/Device,Non-invasive,11-50,Series B,0,2014,L,training_knowledge,2010s,2014-H1
Stimvia,stimvia.com,,,,NeuroTechnology;Medical Devices;Digital Health;AI/ML,Software/AI,Medical/Diagnostic,Non-invasive,,,0,2014,H,https://www.stimvia.com/en/press/press-releases/,2010s,2014-H1
Stratus Neuro,stratusneuro.com,,,,NeuroTechnology;Diagnostics;Digital Health;AI/ML,Software/AI,Software/Analytics,Non-invasive,,,0,2006,H,https://www.stratusneuro.com/about,2000s,2006-H1
"Supermind Platforms, Inc",supermind.us,"Miami, FL",USA,North America,NeuroTechnology;Digital Health;Wellness,Other,Consumer/Wellness,Non-invasive,101-250,Seed,0,2020,M,https://www.linkedin.com/in/chad-olin/,2020s,2020-H1
Synapse TBI,synapsetbi.com,"Boca Raton, FL",USA,North America,NeuroTechnology;Diagnostics;Digital Health,Diagnostics,Other,Non-invasive,251-500,Debt Financing,0,,,,,
Join.synchneuro,join.synchneuro.com,"Chicago, IL",USA,North America,NeuroTechnology;Medical Devices;Wearables;Digital Health,Wearable,Medical/Diagnostic,Non-invasive,1-10,Seed,0,2021,H,https://pitchbook.com/profiles/company/606687-85,2020s,2021-H1
Syndeio Biosciences,syndeio.com,"Indianapolis, IN",USA,North America,NeuroTechnology;Biotech;Therapeutics,Therapeutics,Medical/Therapeutic,Non-invasive,11-50,Venture Round,0,2025,H,https://cen.acs.org/business/start-ups/Syndeio-Biosciences-launches-molecules-target/103/web/2025/05,2020s,2025-H1
Synerfuse,synerfuse.com,"Minneapolis, MN",USA,North America,NeuroTechnology;Medical Devices;Digital Health;Therapeutics,Therapeutics,Medical/Therapeutic,Mixed/Unknown,1-10,Venture Round,0,2015,M,https://www.crunchbase.com/organization/synerfuse,2010s,2015-H1
synergiamedical.com,synergiamedical.com,"Mont-saint-guibert, Belgium",Belgium,Europe,NeuroTechnology,Other,Other,Non-invasive,11-50,Series B,0,2014,M,https://www.crunchbase.com/organization/synergia-medical,2010s,2014-H1
Brain Training International,braintraininginternational.com,"Kittery, ME",ME,,NeuroTechnology;Digital Health;Wellness,Other,Consumer/Wellness,Non-invasive,,,1,,,,,
Tneurodx,tneurodx.com,,,,NeuroTechnology;Biotech;Diagnostics;Research Tools,Research Tools,Research Tools,Non-invasive,,Grant,0,2018,M,https://pitchbook.com/profiles/company/436390-75,2010s,2018-H1
TAKE-PAUSE,take-pause.com,"Manhattan, NY",USA,North America,NeuroTechnology;Digital Health;Wellness;Medical Devices,Medical Device,Medical/Diagnostic,Non-invasive,1-10,,0,,,,,
Terumo Neuro,terumoneuro.com,"Aliso Viejo, CA",USA,North America,NeuroTechnology;Medical Devices;Clinical Research;Diagnostics;Therapeutics;Neurovascular,Therapeutics,Medical/Therapeutic,Mixed/Unknown,1001-5000,,0,2023,M,training_knowledge,2020s,2023-H1
Tibtimeisbrain,tibtimeisbrain.com,"Barcelona, Spain",Spain,Europe,NeuroTechnology;Medical Devices;Digital Health;AI/ML,Software/AI,Medical/Diagnostic,Non-invasive,1-10,Seed,0,2020,H,https://eithealth.eu/news-article/spanish-startup-time-is-brain-wins-european-eit-health-catapult-competition/,2020s,2020-H1
Trainfes,trainfes.cl,"San Francisco, CA",USA,North America,NeuroTechnology;Medical Devices;Digital Health,Medical Device,Medical/Diagnostic,Non-invasive,11-50,Non Equity Assistance,0,2013,H,https://www.crunchbase.com/organization/trainfes,2010s,2013-H1
Tripp Inc.,trippinc.com,"Los Angeles, CA",USA,North America,NeuroTechnology;Digital Health;Wellness;AI/ML,Software/AI,Consumer/Wellness,Non-invasive,11-50,Convertible Note,0,2016,M,https://www.crunchbase.com/organization/tripp,2010s,2016-H1
Turingmedical,turingmedical.com,"Fangshan, Beijing, China",China,Asia,NeuroTechnology;Digital Health;Diagnostics;AI/ML;Biotech,Software/AI,Software/Analytics,Non-invasive,11-50,Venture Round,0,2019,H,https://www.crunchbase.com/organization/nous-imaging,2010s,2019-H1
UbiquityVX,ubiquityvx.com,,,,NeuroTechnology;Digital Health;Wellness,Other,Consumer/Wellness,Non-invasive,,Seed,0,2022,M,https://tracxn.com/d/companies/ubiquityvx/__2PWOJrBpmklecwH1eWHFLpDk60f0CIa_GUZNb6HzJ14,2020s,2022-H1
Ucat Inc.,ucat.ai,"London, United Kingdom",UK,Europe,NeuroTechnology,Other,Other,Non-invasive,1-10,,0,2023,M,https://www.cartersciences.com/interviews/tag/uCat,2020s,2023-H1
UNEEG medical,uneeg.com,"Allerød, Denmark",Denmark,Europe,NeuroTechnology;Medical Devices;Digital Health;Diagnostics,Diagnostics,Medical/Diagnostic,Non-invasive,11-50,Grant,0,2005,H,https://pitchbook.com/profiles/company/493598-71,2000s,2005-H1
Universal-brain,universal-brain.com,"San Francisco, CA",USA,North America,NeuroTechnology;Digital Health;Diagnostics;Wearables,Wearable,Other,Non-invasive,11-50,Seed,0,2022,H,https://pulse2.com/universal-brain-profile-dr-kazu-okuda-interview/,2020s,2022-H1
Velentium Medical,velentium.com,"Katy, TX",USA,North America,NeuroTechnology;Medical Devices;Diagnostics;Therapeutics,Therapeutics,Medical/Therapeutic,Mixed/Unknown,51-100,Debt Financing,0,2012,M,https://pitchbook.com/profiles/company/311336-38,2010s,2012-H1
Vielight,vielight.com,"Toronto, Canada",Canada,North America,NeuroTechnology;Medical Devices;Biotech;Digital Health;Clinical Research,Medical Device,Medical/Therapeutic,Non-invasive,11-50,,0,2010,L,training_knowledge,2010s,2010-H1
Viewmind,viewmind.com,"Alpine, NJ",USA,North America,NeuroTechnology;Digital Health;Diagnostics;AI/ML;Clinical Research,Software/AI,Medical/Therapeutic,Non-invasive,1-10,Venture Round,0,2018,L,https://pitchbook.com/profiles/company/435085-12,2010s,2018-H1
Vthera,vthera.com,"Kirkland, WA",USA,North America,NeuroTechnology;Digital Health;Therapeutics;Medical Devices,Therapeutics,Medical/Therapeutic,Mixed/Unknown,11-50,,0,2015,H,https://www.crunchbase.com/organization/virtual-therapeutics,2010s,2015-H1
Virtuleap,virtuleap.com,"London, United Kingdom",UK,Europe,NeuroTechnology;Digital Health;Therapeutics;Diagnostics,Therapeutics,Medical/Therapeutic,Non-invasive,1-10,,0,2018,H,https://via.news/2019/12/06/virtuleap-diving-into-vr-brain-training/,2010s,2018-H1
Vital Connect,vitalconnect.com,"San Jose, CA",USA,North America,NeuroTechnology;Medical Devices;Digital Health;Wearables,Wearable,Medical/Diagnostic,Non-invasive,101-250,Venture Round,0,2011,H,https://www.crunchbase.com/organization/vital-connect,2010s,2011-H1
Vital Start Health Inc.,vitalstarthealth.com,"Philadelphia, PA",USA,North America,NeuroTechnology;Digital Health;Wellness,Other,Consumer/Wellness,Non-invasive,1-10,Grant,0,2017,M,https://jhf.org/news/how-vital-start-is-transforming-mental-health-care-from-postpartum-struggles-to-vr-healing,2010s,2017-H1
Viv Labs,vivatronix.com,"San Jose, CA",USA,North America,NeuroTechnology;Medical Devices;Digital Health;Therapeutics,Therapeutics,Medical/Therapeutic,Mixed/Unknown,11-50,Series B,0,2025,L,https://tracxn.com/d/legal-entities/india/vivatronix-technologies-private-limited/__EXESrkClPMLLYEcvKO748nTrBr9y4yAYmU0-UBfMtXs,2020s,2025-H1
Wave Neuroscience,waveneuro.com,"Newport Beach, CA",USA,North America,NeuroTechnology;Digital Health;Diagnostics;Therapeutics,Therapeutics,Medical/Therapeutic,Non-invasive,11-50,Venture Round,0,2014,L,training_knowledge,2010s,2014-H1
Wavepaths,wavepaths.com,"London, UK",UK,Europe,NeuroTechnology;Digital Health;Wellness;Therapeutics;Clinical Research,Therapeutics,Medical/Therapeutic,Non-invasive,11-50,Seed,0,2019,H,https://www.imperial.ac.uk/news/197655/startup-profile-wavepaths/,2010s,2019-H1
WAYA Health,wayahealth.com,"Boone, NC",USA,North America,NeuroTechnology;Digital Health;AI/ML,Software/AI,Software/Analytics,Non-invasive,1-10,,0,2016,M,https://www.crunchbase.com/organization/waya-health,2010s,2016-H1
Wearable Devices Ltd,wearable-devices.com,"Yoqneam, Israel",Israel,MENA,NeuroTechnology;Wearables,Wearable,Other,Non-invasive,1-10,Post-IPO Equity,0,2014,H,https://www.sec.gov/Archives/edgar/data/1887673/000121390022008340/ea155863-f1_wearabledev.htm,2010s,2014-H1
Wisear,wisear.io,"Paris, France",France,Europe,NeuroTechnology;Wearables;Hardware;AI/ML,Wearable,Software/Analytics,Non-invasive,11-50,Pre-Seed,0,2019,L,training_knowledge,2010s,2019-H1
Xanastim,xanastim.com,"Epalinges, Switzerland",Switzerland,Europe,NeuroTechnology;Medical Devices;Digital Health;Neurotechnology,Medical Device,Medical/Diagnostic,Non-invasive,1-10,Seed,0,2021,H,https://yellowpages.swiss/location.cfm?key=2523612&company=XanaStim-Sarl&art=HRB,2020s,2021-H1
XII Medical,xiimedical.com,"Union City, CA",USA,North America,NeuroTechnology;Medical Devices;Therapeutics,Therapeutics,Medical/Therapeutic,Mixed/Unknown,11-50,Series B,0,2017,H,https://pitchbook.com/profiles/company/339813-55,2010s,2017-H1
XPANCEO,xpanceo.com,"Dubai, United Arab Emirates",UAE,MENA,NeuroTechnology;Medical Devices;Wearables;Digital Health,Wearable,Medical/Diagnostic,Non-invasive,51-100,Series A,0,2021,M,training_knowledge,2020s,2021-H1
XRHealth,xr.health,"Needham, MA",USA,North America,NeuroTechnology;Digital Health;Medical Devices;Therapeutics,Therapeutics,Medical/Therapeutic,Mixed/Unknown,101-250,Venture Round,0,2016,M,training_knowledge,2010s,2016-H1
Xsensio,xsensio.com,"Lausanne, Switzerland",Switzerland,Europe,NeuroTechnology;Wearables;Medical Devices;Digital Health,Wearable,Medical/Diagnostic,Non-invasive,11-50,Series A,0,2014,M,training_knowledge,2010s,2014-H1
Xylo Bio,xylobio.com,"Boulder, CO",USA,North America,NeuroTechnology,Other,Other,Non-invasive,11-50,Seed,0,2021,H,https://pitchbook.com/profiles/company/481978-54,2020s,2021-H1
Yneuro,yneuro.com,"Paris, France",France,Europe,NeuroTechnology;AI/ML;Biotech,Software/AI,Software/Analytics,Non-invasive,1-10,Series D,0,2019,M,https://vivatech.com/news/yneuro-s-viva-tech-growth-story-brainwaves-to-business,2010s,2019-H1
Zander Labs,zanderlabs.com,"Delft, The Netherlands",Netherlands,Europe,NeuroTechnology;AI/ML;Research Tools;Wearables;Medical Devices,Wearable,Research Tools,Non-invasive,11-50,Seed,0,2016,M,https://www.crunchbase.com/organization/zander-labs,2010s,2016-H1
ZETA,zetasurgical.com,"Boston, MA",USA,North America,NeuroTechnology;Medical Devices;AI/ML;Digital Health,Software/AI,Medical/Diagnostic,Non-invasive,11-50,Series A,0,2018,H,https://en.wikipedia.org/wiki/Zeta_Surgical,2010s,2018-H1
Zeto-inc,zeto-inc.com,"Santa Clara, CA",USA,North America,NeuroTechnology;Medical Devices;Digital Health;Diagnostics,Diagnostics,Medical/Diagnostic,Non-invasive,11-50,Series B,0,2015,L,training_knowledge,2010s,2015-H1
Zyphra,zyphra.com,"San Francisco, CA",USA,North America,NeuroTechnology;AI/ML;Software/SaaS,Software/AI,Software/Analytics,Non-invasive,,,0,2020,M,https://pitchbook.com/profiles/company/437883-40,2020s,2020-H1
Axon Interfaces,axoninterfaces.com,"Palo Alto, CA",USA,North America,NeuroTechnology;Digital Health;Diagnostics;AI/ML,Software/AI,Software/Analytics,Non-invasive,1-10,,0,2022,H,https://www.crunchbase.com/organization/axon-interfaces,2020s,2022-H1
Avrwell,avrwell.com,"Bengaluru, India",India,Asia,NeuroTechnology;Digital Health;Software/SaaS,Other,Software/Analytics,Non-invasive,51-100,,0,2024,M,https://www.avrwell.com/aboutus,2020s,2024-H1
Australis Scientific,australisscientific.com,"Sydney, Australia",Australia,Oceania,NeuroTechnology;Medical Devices;Wearables;Digital Health,Wearable,Medical/Diagnostic,Non-invasive,1-10,Corporate Round,0,2021,M,https://pitchbook.com/profiles/company/597613-06,2020s,2021-H1
Aural Analytics,auralanalytics.com,"Scottsdale, AZ",USA,North America,NeuroTechnology;Digital Health;AI/ML;Diagnostics,Software/AI,Software/Analytics,Non-invasive,11-50,Grant,0,2015,H,https://www.crunchbase.com/organization/aural-analytics,2010s,2015-H1
Audicin,audicin.com,"Austin, Texas",USA,North America,NeuroTechnology;Digital Health;Wellness,Other,Consumer/Wellness,Non-invasive,1-10,Seed,0,2022,H,https://pitchbook.com/profiles/company/512956-54,2020s,2022-H1
Atlas,atlaswearable.com,,,,NeuroTechnology;Wearables;Wellness,Wearable,Consumer/Wellness,Non-invasive,11-50,,0,2013,H,https://www.crunchbase.com/organization/atlas,2010s,2013-H1
Aleva Neuro,aleva-neuro.com,"Lausanne, Switzerland",Switzerland,Europe,NeuroTechnology;Medical Devices;Therapeutics;Digital Health,Therapeutics,Medical/Therapeutic,Mixed/Unknown,51-100,Corporate Round,0,2008,M,training_knowledge,2000s,2008-H1
Ai-stroke,ai-stroke.com,"Montpellier, France",France,Europe,NeuroTechnology;Digital Health;AI/ML;Diagnostics,Software/AI,Software/Analytics,Non-invasive,1-10,Seed,0,2022,H,https://www.crunchbase.com/organization/ai-stroke,2020s,2022-H1
3Brain AG,3brain.com,"Wadenswil, Switzerland",Switzerland,Europe,NeuroTechnology;Medical Devices;Biotech;Research Tools,Research Tools,Research Tools,Non-invasive,11-50,Grant,0,2011,M,training_knowledge,2010s,2011-H1
Essilorluxottica,essilorluxottica.com,"Paris, France",France,Europe,NeuroTechnology;Medical Devices;Wearables;Digital Health,Wearable,Medical/Diagnostic,Non-invasive,10001+,Post-IPO Equity,1,2018,H,training_knowledge,2010s,2018-H1
reccy,reccy.dev,,,,Recruiting;HR Tech;SaaS,Other,Other,Non-invasive,1-10,,0,2024,M,training_knowledge,2020s,2024-H1
Brill Neurotech,brillneurotech.com,"San Francisco, CA",USA,North America,neurotechnology;biotech;digital health,Other,Other,Non-invasive,1-10,,1,2022,L,training_knowledge,2020s,2022-H1
Brain.Q Technologies Inc.,brainqtech.com,"Jerusalem, Israel",Israel,MENA,NeuroTechnology;Medical Devices;Digital Health;Wearables,Wearable,Medical/Diagnostic,Non-invasive,11-50,Series B,1,2015,M,training_knowledge,2010s,2015-H1
Neurolight,neurolight.co,"Pomona, NY",USA,North America,neurotechnology;digital health;diagnostics;ai ml;medical devices;biotech,Software/AI,Medical/Diagnostic,Non-invasive,1-10,,1,2021,L,training_knowledge,2020s,2021-H1
Presidio Medical,presidiomedical.com,"South San Francisco, CA",USA,North America,neurotechnology;medical devices;biotech;therapeutics,Therapeutics,Medical/Therapeutic,Invasive,11-50,Series C,2,2017,M,training_knowledge,2010s,2017-H1
"Hinge Health, Inc.",hingehealth.com,"San Francisco, CA",USA,North America,neurotechnology;Digital Health;Medical Devices;Wellness;Wearables,Wearable,Medical/Diagnostic,Non-invasive,1001-5000,IPO,2,2014,H,training_knowledge,2010s,2014-H1
Connectome,connectome.health,"London, UK",UK,Europe,Neuroscience;Brain Health;Neuroimaging;Digital Health;Wearables,Wearable,Other,Non-invasive,1-10,,0,2020,L,training_knowledge,2020s,2020-H1
Vistim Labs Inc.,vistimlabs.com,"Salt Lake City, UT",USA,North America,NeuroTechnology;Diagnostics;Medical Devices;Digital Health,Diagnostics,Medical/Diagnostic,Non-invasive,1-10,Grant,0,2020,L,training_knowledge,2020s,2020-H1
Constellation,constellationlab.io,"San Francisco, CA",USA,North America,NeuroTechnology;AI/ML;Neurotech;Data Analytics,Software/AI,Software/Analytics,Non-invasive,,,3,2023,L,training_knowledge,2020s,2023-H1
Synaptrix-labs,synaptrix-labs.com,"New York, NY",USA,North America,NeuroTechnology;Medical Devices;AI/ML;Digital Health,Software/AI,Medical/Diagnostic,Non-invasive,1-10,Series A,3,2022,L,training_knowledge,2020s,2022-H1
Cirtecmed,cirtecmed.com,"Brooklyn Park, MN",USA,North America,NeuroTechnology;Medical Devices;Hardware,Hardware,Medical/Device,Non-invasive,101-250,Private Equity,1,1993,M,training_knowledge,1990s,1993-H1
"iota Biosciences, Inc.",iota.bio,"Alameda, CA",USA,North America,NeuroTechnology;Medical Devices;Biotech;Therapeutics,Therapeutics,Medical/Therapeutic,Invasive,101-250,Series A,2,2017,H,training_knowledge,2010s,2017-H1
"Nia Therapeutics, Inc.",niatherapeutics.com,"Radnor, PA",USA,North America,NeuroTechnology;Medical Devices;Biotech;AI/ML;Therapeutics,Software/AI,Medical/Therapeutic,Mixed/Unknown,11-50,Undisclosed,0,2018,M,training_knowledge,2010s,2018-H1
Noctrix Health,noctrixhealth.com,"San Francisco, CA",USA,North America,NeuroTechnology;Medical Devices;Wearables;Therapeutics,Wearable,Medical/Therapeutic,Non-invasive,11-50,Venture Round,3,2018,M,training_knowledge,2010s,2018-H1
Phagenesis Limited,phagenesis.com,"Manchester, United Kingdom",UK,Europe,NeuroTechnology;Medical Devices;Therapeutics;Clinical Research,Therapeutics,Medical/Therapeutic,Mixed/Unknown,11-50,Series D,0,2007,M,training_knowledge,2000s,2007-H1
PIGPUG HEALTH,pigpug.co,"Brooklyn, NY",USA,North America,NeuroTechnology;Digital Health;Medical Devices;AI/ML,Software/AI,Medical/Diagnostic,Non-invasive,11-50,Convertible Note,0,2019,L,training_knowledge,2010s,2019-H1
PSYONIC,psyonic.io,"San Diego, CA",USA,North America,NeuroTechnology;Medical Devices;Biotech;Wearables,Wearable,Medical/Device,Non-invasive,11-50,Series Unknown,0,2015,M,training_knowledge,2010s,2015-H1
Mad Science Group Inc.,madsci.com,"Montréal, Quebec",Canada,North America,NeuroTechnology;Medical Devices;Digital Health,Medical Device,Medical/Diagnostic,Invasive,1001-5000,Seed,0,1985,M,training_knowledge,1980s,1985-H1
Cionic,cionic.com,"San Francisco, CA",USA,North America,NeuroTechnology;Medical Devices;Wearables;Digital Health,Wearable,Medical/Diagnostic,Non-invasive,11-50,Series A,0,2018,M,training_knowledge,2010s,2018-H1
Cortec-neuro,cortec-neuro.com,"Freiburg, Germany",Germany,Europe,NeuroTechnology;Medical Devices;Biotech;Research Tools,Research Tools,Research Tools,Non-invasive,51-100,Grant,0,2010,M,training_knowledge,2010s,2010-H1
Ceribell,ceribell.com,"Mountain View, CA",USA,North America,NeuroTechnology;Medical Devices;Digital Health;Diagnostics,Diagnostics,Medical/Diagnostic,Non-invasive,251-500,Series C,3,2014,H,training_knowledge,2010s,2014-H1
NeuroX,neurox.co.uk,"London, UK",UK,Europe,NeuroTechnology;Medical Devices;Wearables;Digital Health,Wearable,Medical/Diagnostic,Non-invasive,11-50,,0,2024,H,https://find-and-update.company-information.service.gov.uk/company/15537848,2020s,2024-H1
Nerivio,nerivio.com,"Bridgewater, NJ",USA,North America,NeuroTechnology;Medical Devices;Wearables;Digital Health,Wearable,Medical/Diagnostic,Non-invasive,51-100,,0,2014,M,training_knowledge,2010s,2014-H1
Wise Neuro,wiseneuro.com,"Milan, Italy",Italy,Europe,NeuroTechnology;Medical Devices;Digital Health,Medical Device,Medical/Diagnostic,Non-invasive,11-50,Series D,0,2011,H,https://www.crunchbase.com/organization/wise-s-r-l,2010s,2011-H1
UroMems SAS,uromems.com,"Grenoble, France",France,Europe,NeuroTechnology;Medical Devices;Biotech;Therapeutics,Therapeutics,Medical/Therapeutic,Mixed/Unknown,11-50,Series C,0,2011,M,training_knowledge,2010s,2011-H1
NeuroEM,neuroem.com,"Tampa, FL",USA,North America,NeuroTechnology;Medical Devices;Therapeutics;Wearables,Wearable,Medical/Therapeutic,Non-invasive,11-50,Series A,0,2013,H,https://www.crunchbase.com/organization/neuroem,2010s,2013-H1
Nudge,nudge.com,"San Francisco, CA",USA,North America,NeuroTechnology;Medical Devices;Biotech;Neurotechnology;Hardware,Hardware,Medical/Device,Non-invasive,11-50,Series A,0,2024,H,https://x.com/FEhrsam/status/1820859394361610338,2020s,2024-H1
GrayMatters Health,graymatters-health.com,"Haifa, Israel",Israel,MENA,NeuroTechnology;Digital Health;Medical Devices;Diagnostics,Diagnostics,Medical/Diagnostic,Non-invasive,1-10,Grant,0,2018,H,https://www.crunchbase.com/organization/graymatters-health,2010s,2018-H1
"MedRhythms, Inc.",medrhythms.com,"Boston, MA",USA,North America,NeuroTechnology;Digital Health;Therapeutics;Medical Devices,Therapeutics,Medical/Therapeutic,Mixed/Unknown,11-50,Venture Round,0,2016,M,training_knowledge,2010s,2016-H1
Nuro Inc,nuro.world,"Waterloo, Ontario",Canada,North America,NeuroTechnology;Medical Devices;Digital Health;AI/ML,Software/AI,Medical/Diagnostic,Non-invasive,1-10,Grant,0,2016,H,https://www.crunchbase.com/organization/nuro-corp,2010s,2016-H1
Juniper Biomedical,juniperbiomedical.com,"Worcester, MA",USA,North America,NeuroTechnology;Medical Devices;Biotech;Therapeutics,Therapeutics,Medical/Therapeutic,Mixed/Unknown,1-10,Grant,0,2019,H,https://www.crunchbase.com/organization/rbi-medical,2010s,2019-H1
CEFALY Technology,cefaly.com,"Seraing, Belgium",Belgium,Europe,NeuroTechnology;Medical Devices;Digital Health;Wearables,Wearable,Medical/Diagnostic,Non-invasive,11-50,Private Equity,0,2009,H,training_knowledge,2000s,2009-H1
Neurotype Inc.,neurotype.io,"Minneapolis, MN",USA,North America,NeuroTechnology;Medical Devices;Digital Health;Diagnostics,Diagnostics,Medical/Diagnostic,Non-invasive,1-10,Seed,0,2019,H,https://www.crunchbase.com/organization/neurotype-inc,2010s,2019-H1
Fasikl,fasikl.com,"Bloomington, MN",USA,North America,NeuroTechnology;Medical Devices;Digital Health;Therapeutics,Therapeutics,Medical/Therapeutic,Mixed/Unknown,11-50,Series B,0,2018,L,training_knowledge,2010s,2018-H1
Cala Health Inc.,calahealth.com,"San Mateo, CA",USA,North America,NeuroTechnology;Medical Devices;Wearables;Digital Health,Wearable,Medical/Diagnostic,Non-invasive,51-100,Series C,1,2014,H,training_knowledge,2010s,2014-H1
Comphya,comphya.com,"Lausanne, Switzerland",Switzerland,Europe,NeuroTechnology;Medical Devices;Therapeutics,Therapeutics,Medical/Therapeutic,Mixed/Unknown,1-10,Series A,0,2017,H,https://comphya.com/about,2010s,2017-H1
Neuros Medical,neurosmedical.com,"Willoughby, OH",USA,North America,NeuroTechnology;Medical Devices;Therapeutics,Therapeutics,Medical/Therapeutic,Mixed/Unknown,11-50,Debt Financing,0,2008,H,https://www.crunchbase.com/organization/neuros-medical,2000s,2008-H1
EvrenVNS,evrenvns.com,"Newberry, FL",USA,North America,NeuroTechnology;Medical Devices;Wearables;Digital Health,Wearable,Medical/Diagnostic,Non-invasive,11-50,Seed,0,2018,H,https://www.crunchbase.com/organization/evren-technologies,2010s,2018-H1
RUTEN,ruten-neuro.com,"Tokyo, Japan",Japan,Asia,NeuroTechnology;Medical Devices;Biotech;Digital Health,Medical Device,Medical/Diagnostic,Non-invasive,1-10,Seed,0,2023,H,https://www.crunchbase.com/organization/ruten-3ba5,2020s,2023-H1
THYNK,thynk.com,"Orlando, FL",USA,North America,NeuroTechnology;Digital Health;Wearables;Medical Devices,Wearable,Medical/Diagnostic,Non-invasive,11-50,Venture Round,0,2022,M,https://www.cbinsights.com/company/thynk,2020s,2022-H1
Aurenar,aurenar.com,,,,NeuroTechnology;Medical Devices;Wearables;Digital Health,Wearable,Medical/Diagnostic,Non-invasive,,,0,2023,H,https://pitchbook.com/profiles/company/711593-38,2020s,2023-H1
Sora Neuroscience,soraneuroscience.com,"Minneapolis, MN",USA,North America,NeuroTechnology;Digital Health;Diagnostics;Medical Devices,Diagnostics,Medical/Diagnostic,Non-invasive,1-10,Seed,0,2020,H,https://www.crunchbase.com/organization/sora-neuroscience,2020s,2020-H1
CNS Fund,cnsfund.com,"Herzliya, Israel",Israel,MENA,NeuroTechnology;Digital Health;Biotech;Clinical Research,Other,Medical/Therapeutic,Non-invasive,1-10,,0,2023,M,https://www.prnewswire.com/il/news-releases/joy-ventures-rebrands-as-corundum-neuroscience-launching-new-venture-builder-and-fund-to-spur-neuroscience-technology-innovation-301981530.html,2020s,2023-H1
Positrigo,positrigo.com,"Zurich, Switzerland",Switzerland,Europe,NeuroTechnology;Medical Devices;Diagnostics;Digital Health,Diagnostics,Medical/Diagnostic,Non-invasive,11-50,Venture Round,0,2018,M,training_knowledge,2010s,2018-H1
Arctop Inc.,arctop.com,"San Francisco, CA",USA,North America,NeuroTechnology;Wearables;AI/ML;Digital Health,Wearable,Software/Analytics,Non-invasive,11-50,Series A,0,2016,H,https://www.cbinsights.com/company/arctop,2010s,2016-H1
G.tec Neurotechnology GmbH,gtec.at,"Schiedlberg, Austria",Austria,Europe,NeuroTechnology;Medical Devices;Research Tools;Wearables,Wearable,Research Tools,Non-invasive,51-100,Grant,0,1999,H,training_knowledge,1990s,1999-H1
Ant Neuro,ant-neuro.com,"Hengelo, The Netherlands",Netherlands,Europe,NeuroTechnology;Medical Devices;Research Tools;Digital Health,Research Tools,Medical/Diagnostic,Non-invasive,11-50,,0,2000,M,training_knowledge,2000s,2000-H1
Bottneuro AG,bottneuro.ch,"Basel, Switzerland",Switzerland,Europe,NeuroTechnology;Medical Devices;Digital Health,Medical Device,Medical/Diagnostic,Non-invasive,11-50,Convertible Note,0,2019,L,training_knowledge,2010s,2019-H1
Brain4,brain4.care,"Sao Carlos, Brazil",Brazil,LATAM,NeuroTechnology;Medical Devices;Digital Health;Diagnostics,Diagnostics,Medical/Diagnostic,Non-invasive,11-50,Series A,0,2013,L,training_knowledge,2010s,2013-H1
Ability Neuro Inc.,abilityneuro.com,"Geneva, Switzerland",Switzerland,Europe,NeuroTechnology;Medical Devices;Biotech,Medical Device,Medical/Device,Non-invasive,11-50,,0,2025,H,https://www.businesswire.com/news/home/20250611125604/en/Craig-Cook-appointed-Chief-Business-Officer-and-Co-founder-at-ABILITY-Neurotech-the-Wyss-Genevas-flagship-spin-off,2020s,2025-H1
Brainify.AI,brainify.ai,"New York, NY",USA,North America,NeuroTechnology;Digital Health;Medical Devices;AI/ML,Software/AI,Medical/Diagnostic,Non-invasive,11-50,Seed,0,2021,L,training_knowledge,2020s,2021-H1
Natus Medical Incorporated,natus.com,"Middleton, WI",USA,North America,NeuroTechnology;Medical Devices;Diagnostics;Digital Health,Diagnostics,Medical/Diagnostic,Non-invasive,1001-5000,Post-IPO Equity,0,1987,H,training_knowledge,1980s,1987-H1
SpineX,spinex.co,"Los Angeles, CA",USA,North America,NeuroTechnology;Medical Devices;Clinical Research;Digital Health,Medical Device,Medical/Therapeutic,Non-invasive,11-50,Grant,0,2018,H,https://www.globenewswire.com/en/news-release/2019/01/03/1679942/0/en/SpineX-Launches-to-Develop-Non-Invasive-Neuromodulation-Devices-to-Address-a-Range-of-Medical-Conditions.html,2010s,2018-H1
VIVATRONIX,vivatronix.com,,,,NeuroTechnology;Medical Devices;Digital Health;Therapeutics,Therapeutics,Medical/Therapeutic,Mixed/Unknown,,Venture Round,0,2025,H,https://www.indiafilings.com/search/vivatronix-technologies-private-limited-cin-U46497KA2025PTC197325,2020s,2025-H1
NeuroDiscovery AI,neurodiscovery.ai,"Alpharetta, GA",USA,North America,NeuroTechnology;Digital Health;Clinical Research;AI/ML,Software/AI,Medical/Therapeutic,Non-invasive,51-100,Seed,0,2023,H,https://www.crunchbase.com/organization/neurodiscovery-ai,2020s,2023-H1
Salvia BioElectronics B.V.,salviabioelectronics.com,"Eindhoven, The Netherlands",Netherlands,Europe,NeuroTechnology;Medical Devices;Digital Health;Wearables;Therapeutics,Wearable,Medical/Therapeutic,Non-invasive,51-100,Series B,2,2017,M,training_knowledge,2010s,2017-H1
Nmtc1,nmtc1.com,"Eden Prairie, MN",USA,North America,NeuroTechnology;Medical Devices;Diagnostics;Therapeutics,Therapeutics,Medical/Therapeutic,Mixed/Unknown,,,0,2009,M,https://pitchbook.com/profiles/company/168700-24,2000s,2009-H1
Epineuron,epineurontech.com,"London, Ontario",Canada,North America,NeuroTechnology;Medical Devices;Biotech;Therapeutics,Therapeutics,Medical/Therapeutic,Mixed/Unknown,1-10,Non Equity Assistance,0,2016,H,https://www.crunchbase.com/organization/epineuron-technologies,2010s,2016-H1
BrainCo,brainco.tech,"Boston, MA",USA,North America,NeuroTechnology;Wearables;Digital Health;Wellness;AI/ML,Wearable,Consumer/Wellness,Non-invasive,,Series A,0,2015,H,training_knowledge,2010s,2015-H1
Axo,axoneurotech.com,"San Francisco, CA",USA,North America,NeuroTechnology;Medical Devices;Biotech;Research Tools,Research Tools,Research Tools,Non-invasive,,,0,2025,H,https://x.com/StealthCoSpy/status/1980393595682320774,2020s,2025-H1
Axoft,axoft.us,"Cambridge, MA",USA,North America,neurotechnology;medical devices;biotech;AI/ML,Software/AI,Software/Analytics,Invasive,11-50,Convertible Note,1,2019,H,training_knowledge,2010s,2019-H1
AURIMOD,aurimod.com,,,,NeuroTechnology;Medical Devices;Digital Health;Wearables;Therapeutics,Wearable,Medical/Therapeutic,Non-invasive,,,0,2015,H,https://pitchbook.com/profiles/company/264992-86,2010s,2015-H1
Avivomed,avivomed.com,"Minneapolis, MN",USA,North America,NeuroTechnology;Medical Devices;Therapeutics,Therapeutics,Medical/Therapeutic,Mixed/Unknown,1-10,Series A,0,2021,M,https://www.crunchbase.com/organization/avivomed,2020s,2021-H1
Sona,sona.help,"Los Angeles, CA",USA,North America,NeuroTechnology;Wearables;Digital Health;Wellness,Wearable,Consumer/Wellness,Non-invasive,1-10,Equity Crowdfunding,0,2021,M,https://pitchbook.com/profiles/company/471320-65,2020s,2021-H1
MYndspan,myndspan.com,"London, UK",UK,Europe,NeuroTechnology;Digital Health;Diagnostics;Medical Devices,Diagnostics,Medical/Diagnostic,Non-invasive,1-10,Equity Crowdfunding,0,2019,L,training_knowledge,2010s,2019-H1
Neurosigma,neurosigma.com,"Los Angeles, CA",USA,North America,NeuroTechnology;Medical Devices;Digital Health;Therapeutics,Therapeutics,Medical/Therapeutic,Mixed/Unknown,11-50,Venture Round,0,2008,H,https://www.neurosigma.com/,2000s,2008-H1
Surf Therapeutics,surftherapeutics.com,"Palo Alto, CA",USA,North America,NeuroTechnology;Medical Devices;Digital Health;Therapeutics,Therapeutics,Medical/Therapeutic,Mixed/Unknown,1-10,Grant,0,2019,L,training_knowledge,2010s,2019-H1
Alto Neuroscience Inc,altoneuroscience.com,"Los Altos, California",USA,North America,NeuroTechnology;Biotech;Therapeutics;Clinical Research,Therapeutics,Medical/Therapeutic,Invasive,51-100,Post-IPO Equity,0,2019,H,training_knowledge,2010s,2019-H1
ClearPoint Neuro,clearpointneuro.com,"Solana Beach, CA",USA,North America,NeuroTechnology;Medical Devices;Neurotechnology;Digital Health,Medical Device,Medical/Diagnostic,Non-invasive,101-250,Post-IPO Debt,0,1998,M,training_knowledge,1990s,1998-H1
Pulsetto,pulsetto.tech,"Vilnius, Lithuania",Lithuania,Europe,NeuroTechnology;Medical Devices;Digital Health;Wellness;Wearables,Wearable,Medical/Diagnostic,Non-invasive,11-50,Seed,0,2021,L,training_knowledge,2020s,2021-H1
electroCore,electrocore.com,"Rockaway, NJ",USA,North America,NeuroTechnology;Medical Devices;Digital Health;Wearables,Wearable,Medical/Diagnostic,Non-invasive,51-100,Post-IPO Equity,0,2005,H,training_knowledge,2000s,2005-H1
Attune Neurosciences,attuneneuro.com,"Menlo Park, CA",USA,North America,NeuroTechnology;Medical Devices;Wearables;Digital Health,Wearable,Medical/Diagnostic,Non-invasive,11-50,Seed,0,2020,L,training_knowledge,2020s,2020-H1
SecondWave Systems,secondwaveus.com,"Minneapolis, MN",USA,North America,NeuroTechnology;Medical Devices;Wearables;Therapeutics,Wearable,Medical/Therapeutic,Non-invasive,11-50,Series A,1,2017,L,training_knowledge,2010s,2017-H1
Kandu,kandu.com,"Campbell, CA",USA,North America,NeuroTechnology;Medical Devices;Digital Health;Neurotechnology,Medical Device,Medical/Diagnostic,Non-invasive,51-100,Venture Round,0,2022,M,https://kandu.com/,2020s,2022-H1
LivaNova PLC,livanova.com,"London, UK",UK,Europe,NeuroTechnology;Medical Devices,Medical Device,Medical/Device,Invasive,1001-5000,Post-IPO Debt,1,2015,H,training_knowledge,2010s,2015-H1
Samphire Neuroscience,samphireneuro.com,"San Francisco, CA",USA,North America,NeuroTechnology;Medical Devices;Wearables;Digital Health,Wearable,Medical/Diagnostic,Non-invasive,11-50,Seed,0,2021,L,training_knowledge,2020s,2021-H1
Spark Biomedical Inc,sparkbiomedical.com,"Houston, TX",USA,North America,NeuroTechnology;Medical Devices;Wearables;Digital Health,Wearable,Medical/Diagnostic,Non-invasive,11-50,Grant,0,2018,M,training_knowledge,2010s,2018-H1
OhmBody,ohmbody.com,"Keller, TX",USA,North America,NeuroTechnology;Wearables;Medical Devices;Wellness,Wearable,Consumer/Wellness,Non-invasive,11-50,,0,2025,M,https://www.ohmbody.com/,2020s,2025-H1
Newronika,newronika.com,"Milan, Italy",Italy,Europe,NeuroTechnology;Medical Devices;Digital Health;Biotech,Medical Device,Medical/Diagnostic,Non-invasive,11-50,Series B,0,2008,M,training_knowledge,2000s,2008-H1
Route 92 Medical,route92medical.com,"San Mateo, CA",USA,North America,NeuroTechnology;Medical Devices;Neurovascular;Clinical Research,Medical Device,Medical/Therapeutic,Non-invasive,51-100,Series F,0,2014,M,training_knowledge,2010s,2014-H1
Magstim,magstim.com,"Whitland, United Kingdom",UK,Europe,NeuroTechnology;Medical Devices;Research Tools;Diagnostics,Research Tools,Medical/Diagnostic,Non-invasive,101-250,,0,1985,H,training_knowledge,1980s,1985-H1
EpiWatch®,epiwatch.com,"Baltimore, MD",USA,North America,NeuroTechnology;Digital Health;Wearables;Diagnostics,Wearable,Other,Non-invasive,1-10,Seed,0,2018,L,training_knowledge,2010s,2018-H1
Epitel,epitel.com,"Salt Lake City, UT",USA,North America,NeuroTechnology;Medical Devices;Digital Health;Wearables,Wearable,Medical/Diagnostic,Non-invasive,11-50,Series A,0,2014,L,training_knowledge,2010s,2014-H1
Epiminder,epiminder.com,"Melbourne, Australia",Australia,Oceania,NeuroTechnology;Medical Devices;Digital Health;Diagnostics,Diagnostics,Medical/Diagnostic,Non-invasive,11-50,IPO,0,2016,M,training_knowledge,2010s,2016-H1
Brainomix Limited,brainomix.com,"Oxford, UK",UK,Europe,NeuroTechnology;Digital Health;AI/ML;Diagnostics,Software/AI,Software/Analytics,Non-invasive,,,0,2010,M,training_knowledge,2010s,2010-H1
Openwater,openwater.health,"San Francisco, CA",USA,North America,NeuroTechnology;Medical Devices;Research Tools;Diagnostics,Research Tools,Medical/Diagnostic,Non-invasive,11-50,Venture Round,0,2016,H,https://www.openwater.health/,2010s,2016-H1
Cognito Therapeutics,cognitotx.com,"Cambridge, MA",USA,North America,neurotechnology;digital health;medical devices;therapeutics,Therapeutics,Medical/Therapeutic,Mixed/Unknown,11-50,Series C,2,2016,H,training_knowledge,2010s,2016-H1
Neuromod Devices Ltd.,neuromod.com,"Dublin, Ireland",Ireland,Europe,NeuroTechnology;Medical Devices;Digital Health;Therapeutics,Therapeutics,Medical/Therapeutic,Mixed/Unknown,11-50,Series B,0,2010,M,training_knowledge,2010s,2010-H1
Mobia,mobia.com,"Dallas, TX",USA,North America,NeuroTechnology;Medical Devices;Therapeutics;Digital Health,Therapeutics,Medical/Therapeutic,Mixed/Unknown,101-250,Series F,3,2015,L,training_knowledge,2010s,2015-H1
Neurolief,neurolief.com,"Netanya, Israel",Israel,MENA,NeuroTechnology;Medical Devices;Digital Health;Therapeutics,Therapeutics,Medical/Therapeutic,Mixed/Unknown,11-50,Debt Financing,0,2015,M,training_knowledge,2010s,2015-H1
Braingrade,braingrade.io,"Wilmington, DE",USA,North America,NeuroTechnology;Medical Devices;Biotech;Digital Health,Medical Device,Medical/Diagnostic,Non-invasive,1-10,Pre-Seed,0,2019,H,https://www.braingrade.io/,2010s,2019-H1
"Enterra Medical, Inc.",enterramedical.com,"Minneapolis, MN",USA,North America,NeuroTechnology;Medical Devices;Therapeutics,Therapeutics,Medical/Therapeutic,Mixed/Unknown,11-50,,2,2017,M,training_knowledge,2010s,2017-H1
IDUN Technologies,iduntechnologies.com,"Opfikon, Switzerland",Switzerland,Europe,NeuroTechnology;Wearables;Digital Health;Medical Devices,Wearable,Medical/Diagnostic,Non-invasive,11-50,Seed,0,2017,M,training_knowledge,2010s,2017-H1
LYEONS Neurotech,lyeons.com,"Cambridge, United Kingdom",UK,Europe,NeuroTechnology;Neurotech;Digital Health;Wellness,Other,Consumer/Wellness,Non-invasive,1-10,,0,2024,H,https://lyeons.com/,2020s,2024-H1
Cognixion®,cognixion.com,"Santa Barbara, CA",USA,North America,NeuroTechnology;Medical Devices;Digital Health;Wearables,Wearable,Medical/Diagnostic,Non-invasive,11-50,Debt Financing,0,2014,M,training_knowledge,2010s,2014-H1
Cognision,cognision.com,"Louisville, KY",USA,North America,NeuroTechnology;Digital Health;Diagnostics;Clinical Research,Diagnostics,Medical/Therapeutic,Non-invasive,11-50,Venture Round,0,2003,M,https://www.cognision.com/,2000s,2003-H1
Inner Cosmos,innercosmos.ai,"Portola Valley, CA",USA,North America,NeuroTechnology;Medical Devices;Digital Health;Clinical Research,Medical Device,Medical/Therapeutic,Invasive,11-50,Seed,0,2020,M,training_knowledge,2020s,2020-H1
"Firefly Neuroscience, Inc.",fireflyneuro.com,"Herzliya, Israel",Israel,MENA,NeuroTechnology;Medical Devices;Digital Health;Diagnostics,Diagnostics,Medical/Diagnostic,Non-invasive,11-50,Post-IPO Equity,0,2013,M,training_knowledge,2010s,2013-H1
Elemind,elemindtech.com,"Cambridge, MA",USA,North America,NeuroTechnology;Wearables;Digital Health;Medical Devices,Wearable,Medical/Diagnostic,Non-invasive,11-50,Seed,0,2021,M,training_knowledge,2020s,2021-H1
Neurovalens,neurovalens.com,"Belfast, United Kingdom",UK,Europe,NeuroTechnology;Medical Devices;Digital Health;Wearables,Wearable,Medical/Diagnostic,Non-invasive,1-10,Venture Round,0,2012,M,training_knowledge,2010s,2012-H1
Esper,esperbionics.com,"Brooklyn, NY",USA,North America,NeuroTechnology;Medical Devices;Wearables;Digital Health,Wearable,Medical/Diagnostic,Non-invasive,11-50,Series Unknown,0,2019,H,https://www.esperbionics.com/,2010s,2019-H1
Ampa,ampahealth.com,"Palo Alto, CA",USA,North America,NeuroTechnology;Medical Devices;Digital Health;Therapeutics,Therapeutics,Medical/Therapeutic,Mixed/Unknown,11-50,Seed,7,2022,L,training_knowledge,2020s,2022-H1
NeuroPace,neuropace.com,"Mountain View, CA",USA,North America,NeuroTechnology;Medical Devices;Digital Health;Diagnostics;Therapeutics,Therapeutics,Medical/Therapeutic,Mixed/Unknown,101-250,Post-IPO Debt,6,1997,H,training_knowledge,1990s,1997-H1
Neo-Bionica,neo-bionica.com,"Melbourne, Australia",Australia,Oceania,NeuroTechnology;Medical Devices;Biotech;Clinical Research,Medical Device,Medical/Therapeutic,Non-invasive,11-50,Grant,0,2021,H,https://neo-bionica.com/,2020s,2021-H1
Resonant Link Medical,resonant-link.com,"South Burlington, VT",USA,North America,NeuroTechnology;Hardware;Medical Devices,Hardware,Medical/Device,Non-invasive,11-50,Venture Round,1,2017,M,https://www.rlmedical.com/,2010s,2017-H1
"Sevaro Health, Inc",sevaro.com,"New York, NY",USA,North America,NeuroTechnology;Digital Health;AI/ML,Software/AI,Software/Analytics,Non-invasive,51-100,Series B,0,2019,M,https://sevaro.com/,2010s,2019-H1
Nexstim,nexstim.com,"Helsinki, Finland",Finland,Europe,NeuroTechnology;Medical Devices;Diagnostics;Therapeutics,Therapeutics,Medical/Therapeutic,Mixed/Unknown,11-50,Post-IPO Debt,0,2000,H,training_knowledge,2000s,2000-H1
Muse by Interaxon,musehealth.ai,"Toronto, Ontario, Canada",Canada,North America,NeuroTechnology;Wearables;Digital Health;Medical Devices;Wellness,Wearable,Medical/Diagnostic,Non-invasive,11-50,Series C,0,2007,H,training_knowledge,2000s,2007-H1
eNeura,eneura.com,"Sunnyvale, CA",USA,North America,NeuroTechnology;Medical Devices;Digital Health;Therapeutics,Therapeutics,Medical/Therapeutic,Mixed/Unknown,11-50,Debt Financing,0,2008,M,training_knowledge,2000s,2008-H1
NeuroStar,neurostar.com,"Malvern, PA",USA,North America,NeuroTechnology;Medical Devices;Digital Health,Medical Device,Medical/Diagnostic,Invasive,51-100,Conventional Debt,0,2003,M,training_knowledge,2000s,2003-H1
Sinapticatx,sinapticatx.com,"Cambridge, MA",USA,North America,NeuroTechnology;Therapeutics;Medical Devices;Biotech,Therapeutics,Medical/Therapeutic,Mixed/Unknown,1-10,Grant,0,2019,L,training_knowledge,2010s,2019-H1
EMOTIV,emotiv.com,"San Francisco, CA",USA,North America,NeuroTechnology;Research Tools;Wearables;Hardware,Wearable,Research Tools,Non-invasive,51-100,Pre-Seed,0,2011,H,training_knowledge,2010s,2011-H1
BrainBit,brainbit.com,California,USA,North America,NeuroTechnology;Wearables;Research Tools;Digital Health,Wearable,Research Tools,Non-invasive,11-50,Convertible Note,0,2015,M,https://brainbit.com/,2010s,2015-H1
Kernel,kernel.com,"Los Angeles, CA",USA,North America,NeuroTechnology;Medical Devices;Research Tools;Digital Health;Wearables,Wearable,Medical/Diagnostic,Non-invasive,11-50,Venture Round,0,2016,H,training_knowledge,2010s,2016-H1
Rune Labs,runelabs.io,"San Francisco, CA",USA,North America,NeuroTechnology;Digital Health;Wearables;Clinical Research,Wearable,Medical/Therapeutic,Non-invasive,11-50,Series Unknown,0,2018,M,training_knowledge,2010s,2018-H1
Cerevia,cerevia.care,"Longvic, France",France,Europe,NeuroTechnology;Digital Health,Other,Other,Non-invasive,11-50,,0,2025,H,https://cerevia.care/,2020s,2025-H1
Wearable Devices,wearabledevices.co.il,"Yoqneam, Israel",Israel,MENA,NeuroTechnology;Wearables;Hardware;AI/ML,Wearable,Software/Analytics,Non-invasive,1-10,Grant,0,2014,H,https://www.wearabledevices.co.il/,2010s,2014-H1
Inbrain-neuroelectronics,inbrain-neuroelectronics.com,"Barcelona, Spain",Spain,Europe,NeuroTechnology;Medical Devices;Biotech;Therapeutics,Therapeutics,Medical/Therapeutic,Invasive,51-100,Grant,4,2019,M,training_knowledge,2010s,2019-H1
Neuroelectrics,neuroelectrics.com,"Barcelona, Spain",Spain,Europe,NeuroTechnology;Medical Devices;Research Tools;Digital Health;Wearables,Wearable,Medical/Diagnostic,Non-invasive,11-50,Series A,0,2011,H,training_knowledge,2010s,2011-H1
Sooma Medical,soomamedical.com,"Helsinki, Finland",Finland,Europe,NeuroTechnology;Medical Devices;Digital Health;Therapeutics,Therapeutics,Medical/Therapeutic,Mixed/Unknown,1-10,Seed,0,2013,H,https://soomamedical.com/,2010s,2013-H1
Neuralight,neuralight.ai,"Tel Aviv, Israel",Israel,MENA,NeuroTechnology;Digital Health;Diagnostics;AI/ML,Software/AI,Software/Analytics,Non-invasive,11-50,Seed,0,2021,L,training_knowledge,2020s,2021-H1
Biotronik Neuro,biotronik.com,"Berlin, Germany",Germany,Europe,NeuroTechnology;Medical Devices;Digital Health;Therapeutics,Therapeutics,Medical/Therapeutic,Mixed/Unknown,51-100,Grant,0,2023,H,https://info.biotronik.com/neuro,2020s,2023-H1
Neuronic,neuronic.online,Germany,Germany,Europe,NeuroTechnology;Medical Devices;Digital Health;Wellness,Medical Device,Medical/Diagnostic,Non-invasive,11-50,Grant,0,2021,H,https://www.neuronic.online/,2020s,2021-H1
Syntropic Medical,syntropicmedical.com,"Vienna, Austria",Austria,Europe,NeuroTechnology;Medical Devices;Digital Health;Clinical Research,Medical Device,Medical/Therapeutic,Non-invasive,1-10,Venture Round,0,2020,L,training_knowledge,2020s,2020-H1
Merge Labs,merge.io,"San Francisco, CA",USA,North America,neurotechnology;biotech;ai ml;medical devices;research tools,Software/AI,Research Tools,Non-invasive,1-10,Pre-Seed,13,2025,M,training_knowledge,2020s,2025-H1
"Brain Technologies, Inc.",brain.space,"San Francisco, CA",USA,North America,NeuroTechnology;Medical Devices;AI/ML;Digital Health;Research Tools,Software/AI,Medical/Diagnostic,Non-invasive,101-250,Venture Round,0,2018,M,https://www.brain.space/,2010s,2018-H1
Neuspera Medical,neuspera.com,"San Jose, CA",USA,North America,NeuroTechnology;Medical Devices;Digital Health;Therapeutics,Therapeutics,Medical/Therapeutic,Invasive,11-50,Series D,0,2014,M,training_knowledge,2010s,2014-H1
BlueWind Medical,bluewindmedical.com,"Herzliya, Israel",Israel,MENA,NeuroTechnology;Medical Devices;Therapeutics,Therapeutics,Medical/Therapeutic,Invasive,1-10,Series B,1,2010,M,training_knowledge,2010s,2010-H1
Valencia Technologies,valenciatechnologies.com,"Valencia, California",USA,North America,NeuroTechnology;Medical Devices;Therapeutics;Digital Health,Therapeutics,Medical/Therapeutic,Invasive,101-250,Venture Round,0,2011,M,training_knowledge,2010s,2011-H1
Saluda Medical,saludamedical.com,"Artarmon, NSW, Australia",Australia,Oceania,NeuroTechnology;Medical Devices;Digital Health,Medical Device,Medical/Diagnostic,Invasive,251-500,Undisclosed,0,2006,H,training_knowledge,2000s,2006-H1
Nalu Medical,nalumed.com,"Carlsbad, CA",USA,North America,NeuroTechnology;Medical Devices;Digital Health;Therapeutics,Therapeutics,Medical/Therapeutic,Invasive,101-250,Venture Round,0,2013,M,training_knowledge,2010s,2013-H1
SPR Therapeutics,sprtherapeutics.com,"Cleveland, OH",USA,North America,NeuroTechnology;Medical Devices;Therapeutics;Digital Health,Therapeutics,Medical/Therapeutic,Mixed/Unknown,251-500,Debt Financing,0,2011,M,training_knowledge,2010s,2011-H1
Curonix,curonix.com,"Pompano Beach, FL",USA,North America,NeuroTechnology;Medical Devices;Wearables;Therapeutics,Wearable,Medical/Therapeutic,Non-invasive,101-250,,0,2023,M,training_knowledge,2020s,2023-H1
"Nervonik, Inc.",nervonik.com,"Los Angeles, CA",USA,North America,NeuroTechnology;Medical Devices;Wearables;Therapeutics,Wearable,Medical/Therapeutic,Non-invasive,1-10,Series A,0,2020,H,https://nervonik.com/,2020s,2020-H1
Cadenceneuro,cadenceneuro.com,"Redmond, WA",USA,North America,NeuroTechnology;Medical Devices;Biotech;Therapeutics,Therapeutics,Medical/Therapeutic,Invasive,11-50,Series B,0,2018,L,training_knowledge,2010s,2018-H1
Motif Neurotech,motifneuro.tech,"Houston, TX",USA,North America,NeuroTechnology;Medical Devices;Neurotech;Therapeutics,Therapeutics,Medical/Therapeutic,Invasive,11-50,Series A,0,2021,H,training_knowledge,2020s,2021-H1
Empatica,empatica.com,"Boston, MA",USA,North America,NeuroTechnology;Medical Devices;Digital Health;Wearables,Wearable,Medical/Diagnostic,Non-invasive,101-250,Series B,1,2011,H,training_knowledge,2010s,2011-H1
NextSense,nextsense.io,"Mountain View, CA",USA,North America,NeuroTechnology;Wearables;Digital Health;Medical Devices,Wearable,Medical/Diagnostic,Non-invasive,101-250,Series A,0,2021,M,training_knowledge,2020s,2021-H1
Sens.ai,sens.ai,"Vancouver, BC, Canada",Canada,North America,NeuroTechnology;Medical Devices;Digital Health;Wearables;Wellness,Wearable,Medical/Diagnostic,Non-invasive,11-50,Seed,0,2017,L,training_knowledge,2010s,2017-H1
Neurable,neurable.com,"Boston, MA",USA,North America,NeuroTechnology;Wearables;Medical Devices;AI/ML;Research Tools,Wearable,Research Tools,Non-invasive,11-50,Series A,0,2015,H,training_knowledge,2010s,2015-H1
Omniscient Neurotechnology,o8t.com,"Sydney, Australia",Australia,Oceania,NeuroTechnology;Digital Health;AI/ML;Research Tools;Data Analytics,Software/AI,Research Tools,Non-invasive,51-100,Series D,2,2018,M,training_knowledge,2010s,2018-H1
Neurosom,neurosom.net,"Eugene, OR",USA,North America,NeuroTechnology;Medical Devices;Wearables;Digital Health,Wearable,Medical/Diagnostic,Non-invasive,11-50,Series Unknown,0,2021,M,https://www.neurosom.net/,2020s,2021-H1
Spiro Medical,spiro-medical.com,"Menlo Park, CA",USA,North America,NeuroTechnology;Medical Devices;Therapeutics,Therapeutics,Medical/Therapeutic,Mixed/Unknown,11-50,Series A,0,,,,,
Inspire Medical Systems,inspiresleep.com,"Maple Grove, MN",USA,North America,NeuroTechnology;Medical Devices;Digital Health,Medical Device,Medical/Diagnostic,Non-invasive,1001-5000,Post-IPO Equity,0,2007,H,training_knowledge,2000s,2007-H1
Mainstay Medical,mainstaymedical.com,"Dublin, Ireland",Ireland,Europe,NeuroTechnology;Medical Devices;Therapeutics;Clinical Research,Therapeutics,Medical/Therapeutic,Mixed/Unknown,,Post-IPO Equity,2,2008,M,training_knowledge,2000s,2008-H1
CoMind,comind.io,"London, UK",UK,Europe,NeuroTechnology;Medical Devices;Digital Health;Diagnostics;Biotech,Diagnostics,Medical/Diagnostic,Non-invasive,51-100,Series A,1,2018,M,training_knowledge,2010s,2018-H1
Beacon Biosignals,beacon.bio,"Boston, MA",USA,North America,NeuroTechnology;Medical Devices;Digital Health;AI/ML,Software/AI,Medical/Diagnostic,Non-invasive,51-100,Series B,4,2019,H,training_knowledge,2010s,2019-H1
Neuraworx,neuraworx.com,Minnesota,USA,North America,NeuroTechnology;Medical Devices;Wearables;Neurotechnology;Digital Health,Wearable,Medical/Diagnostic,Non-invasive,1-10,Seed,0,2021,M,https://www.neuraworx.com/,2020s,2021-H1
OpenBCI,openbci.com,"Brooklyn, NY",USA,North America,NeuroTechnology;Research Tools;Wearables;Medical Devices,Wearable,Research Tools,Non-invasive,11-50,Undisclosed,1,2014,H,training_knowledge,2010s,2014-H1
Subsense,subsense-bci.com,"Covina, CA",USA,North America,NeuroTechnology;Medical Devices;Biotech;Neurotechnology,Medical Device,Medical/Device,Invasive,1-10,Seed,6,2022,M,training_knowledge,2020s,2022-H1
huMannity Medtec,humannitymedtec.org,"Valencia, CA",USA,North America,NeuroTechnology;Medical Devices;Medtech;Hardware;Biotech,Hardware,Medical/Device,Non-invasive,101-250,,0,1985,H,https://www.humannitymedtec.org/,1980s,1985-H1
Precision Neuroscience,precisionneuro.io,"New York, NY",USA,North America,NeuroTechnology;Medical Devices;Digital Health;AI/ML;Biotech,Software/AI,Medical/Diagnostic,Invasive,101-250,Venture Round,5,2021,H,training_knowledge,2020s,2021-H1
icometrix,icometrix.com,"Leuven, Belgium",Belgium,Europe,NeuroTechnology;Digital Health;Diagnostics;AI/ML,Software/AI,Software/Analytics,Non-invasive,,Venture Round,0,2011,M,training_knowledge,2010s,2011-H1
Insightec Ltd.,insightec.com,"Tirat Carmel, Israel",Israel,MENA,NeuroTechnology;Medical Devices;Therapeutics;Digital Health,Therapeutics,Medical/Therapeutic,Mixed/Unknown,251-500,Private Equity,0,1999,H,training_knowledge,1990s,1999-H1
Science Corp,science.xyz,"Alameda, CA",USA,North America,NeuroTechnology;Medical Devices;Biotech;Research Tools;Therapeutics,Research Tools,Medical/Therapeutic,Invasive,101-250,Series C,3,2021,H,training_knowledge,2020s,2021-H1
Pixium Vision,pixium-vision.com,"Paris, France",France,Europe,NeuroTechnology;Medical Devices;Biotech;Clinical Research,Medical Device,Medical/Therapeutic,Non-invasive,11-50,Post-IPO Equity,0,2012,H,training_knowledge,2010s,2012-H1
AXION,axionclick.com,"San Francisco, CA",USA,North America,NeuroTechnology;Wearables;AI/ML;Hardware;Medical Devices,Wearable,Software/Analytics,Non-invasive,501-1000,Corporate Round,2,2020,L,training_knowledge,2020s,2020-H1
Tiposi,tiposi.com,"Milpitas, CA",USA,North America,NeuroTechnology;Medical Devices;Diagnostics;Digital Health;AI/ML,Software/AI,Medical/Diagnostic,Non-invasive,1-10,,0,2022,L,training_knowledge,2020s,2022-H1
Sanmai Technologies,sanmai.tech,"Los Altos, CA",USA,North America,NeuroTechnology;Medical Devices;Digital Health;Therapeutics,Therapeutics,Medical/Therapeutic,Mixed/Unknown,1-10,Series A,1,2020,L,training_knowledge,2020s,2020-H1
Bía Neuroscience,getbia.com,"Vancouver, BC, Canada",Canada,North America,Sleep Tech;Neurofeedback;Wearables;Digital Health;Wellness,Wearable,Consumer/Wellness,Non-invasive,1-10,,0,2021,M,https://getbia.com/,2020s,2021-H1
Theta Neurotech,thetaneurotech.com,"Chicago, IL",USA,North America,neurotechnology;medical devices;wearables;digital health,Wearable,Medical/Diagnostic,Non-invasive,1-10,Pre-Seed,2,2022,L,training_knowledge,2020s,2022-H1
Flow Neuroscience,flowneuroscience.com,"Malmö, Sweden",Sweden,Europe,NeuroTechnology;Medical Devices;Digital Health;Therapeutics,Therapeutics,Medical/Therapeutic,Mixed/Unknown,11-50,Venture Round,0,2016,H,training_knowledge,2010s,2016-H1
Nyxoah,nyxoah.com,"Mont-Saint-Guibert, Belgium",Belgium,Europe,Healthcare;Medical Devices;Digital Health;Therapeutics,Therapeutics,Medical/Therapeutic,Mixed/Unknown,1-10,Post-IPO Debt,0,2009,M,training_knowledge,2000s,2009-H1
Stealth BCI Company,,"New York, NY",USA,North America,NeuroTechnology,Other,Other,Non-invasive,,Private Equity,1,,,,,
Cordance Medical,cordancemedical.com,"Mountain View, CA",USA,North America,NeuroTechnology;Medical Devices;Diagnostics,Diagnostics,Medical/Diagnostic,Non-invasive,11-50,Seed,0,2018,M,https://cordancemedical.com/,2010s,2018-H1
Neurosoft-bio,neurosoft-bio.com,"Geneva, Switzerland",Switzerland,Europe,NeuroTechnology;Medical Devices;Biotech;Digital Health,Medical Device,Medical/Diagnostic,Non-invasive,11-50,Seed,0,2020,L,training_knowledge,2020s,2020-H1
Sharper Sense,sharpersense.com,"New York, NY",USA,North America,NeuroTechnology;Medical Devices;Wearables;Neurotechnology,Wearable,Medical/Device,Non-invasive,11-50,Seed,0,2020,H,https://www.sharpersense.com/,2020s,2020-H1
NeuroBionics,neurobionics.io,"Cambridge, MA",USA,North America,NeuroTechnology;Medical Devices;Biotech;Digital Health;Therapeutics,Therapeutics,Medical/Therapeutic,Invasive,1-10,Seed,5,2023,H,https://neurobionics.io/,2020s,2023-H1
Somnair Sleep,somnairsleep.com,"Baltimore, MD",USA,North America,NeuroTechnology;Medical Devices;Digital Health;Therapeutics,Therapeutics,Medical/Therapeutic,Mixed/Unknown,1-10,Seed,0,2022,M,https://www.somnairsleep.com/,2020s,2022-H1
Vonova,vonova.io,"San Diego, CA",USA,North America,NeuroTechnology;Medical Devices;Biotech;Therapeutics,Therapeutics,Medical/Therapeutic,Mixed/Unknown,1-10,Pre-Seed,0,2019,M,https://www.vonova.io/,2010s,2019-H1
Canaery,canaery.com,"Alachua, FL",USA,North America,NeuroTechnology;Biotech;AI/ML;Diagnostics,Software/AI,Software/Analytics,Non-invasive,11-50,Seed,0,2020,L,training_knowledge,2020s,2020-H1
Phantom Neuro,phantomneuro.com,"Austin, TX",USA,North America,NeuroTechnology;Medical Devices;Biotech;AI/ML,Software/AI,Software/Analytics,Invasive,11-50,Series A,0,2020,M,training_knowledge,2020s,2020-H1
mintneuro,mintneuro.com,"London, UK",UK,Europe,NeuroTechnology;Medical Devices;Hardware;Biotech,Hardware,Medical/Device,Invasive,11-50,Grant,0,2023,M,https://mintneuro.com/,2020s,2023-H1
Coherence,coherenceneuro.com,"Cambridge, UK",UK,Europe,NeuroTechnology;Medical Devices;Biotech;Therapeutics,Therapeutics,Medical/Therapeutic,Mixed/Unknown,11-50,Seed,2,2021,L,training_knowledge,2020s,2021-H1
ŌURA,ouraring.com,"Helsinki, Finland",Finland,Europe,Wellness and Fitness Services;Wearables;Digital Health;Hardware,Wearable,Consumer/Wellness,Non-invasive,501-1000,Venture Round,0,2013,H,training_knowledge,2010s,2013-H1
Blackrock Neurotech,blackrockneurotech.com,"Salt Lake City, UT",USA,North America,NeuroTechnology;Medical Devices;Research Tools;Biotech,Research Tools,Research Tools,Invasive,101-250,Convertible Note,1,2008,H,training_knowledge,2000s,2008-H1
Synchron,synchron.com,"Brooklyn, NY",USA,North America,NeuroTechnology;Medical Devices;Biotech;Digital Health;Clinical Research,Medical Device,Medical/Therapeutic,Invasive,101-250,Series D,2,2016,H,training_knowledge,2010s,2016-H1
Neuralink,neuralink.com,"Fremont, CA",USA,North America,Neurotech;Healthcare;Medical Devices;Biotech;AI/ML,Software/AI,Software/Analytics,Invasive,251-500,Series E,3,2016,H,training_knowledge,2010s,2016-H1
Smartlens Inc,smartlens.health,"Mountain View, CA",USA,North America,Neurotech;Healthcare;Medical Devices;Digital Health;Wearables,Wearable,Medical/Diagnostic,Non-invasive,,Seed,0,2020,L,training_knowledge,2020s,2020-H1
"Paradromics, Inc.",paradromics.com,"Austin, TX",USA,North America,Neurotech;Healthcare;Medical Devices;Biotech;Digital Health,Medical Device,Medical/Diagnostic,Invasive,51-100,Convertible Note,7,2015,H,training_knowledge,2010s,2015-H1
ONWARD Medical N.V.,onwd.com,"Eindhoven, The Netherlands",Netherlands,Europe,Neurotech;Healthcare;Medical Devices;Biotech;Therapeutics,Therapeutics,Medical/Therapeutic,Invasive,51-100,Post-IPO Equity,1,2014,H,training_knowledge,2010s,2014-H1
BrainsWay,brainsway.com,"Jerusalem, Israel",Israel,MENA,Neurotech;Healthcare;Medical Devices;Digital Health;Therapeutics,Therapeutics,Medical/Therapeutic,Mixed/Unknown,,Post-IPO Equity,0,2003,H,training_knowledge,2000s,2003-H1
Lungpacer,lungpacer.com,"Vancouver, Canada",Canada,North America,Neurotech;Healthcare;Medical Devices;Therapeutics;Clinical Research,Therapeutics,Medical/Therapeutic,Mixed/Unknown,,,0,2009,M,training_knowledge,2000s,2009-H1
Senseneuro,senseneuro.com,"Cincinnati, OH",USA,North America,Neurotech;Healthcare;Medical Devices;Diagnostics,Diagnostics,Medical/Diagnostic,Non-invasive,,,0,2021,L,training_knowledge,2020s,2021-H1
